,region,name,iso2,isonum,flushSewer,flushSeptic,flushPit,flushOpen,flushUnknown,pitSlab,pitNoSlab,compostingTwinSlab,compostingTwinNoSlab,compostingToilet,bucketLatrine,containerBased,hangingToilet,openDefecation,other,coverBury,sewageTreated,fecalSludgeTreated,isWatertight,hasLeach,onsiteDumpedLand,emptyFrequency,pitAdditive,urine
1,ABW,Aruba,AW,533,NA,NA,NA,NA,NA,NA,NA,NA,NA,NA,NA,NA,NA,NA,NA,NA,NA,NA,NA,NA,0.1,3,None,Fresh Urine
2,AFG,Afghanistan,AF,4,0.006,0.01,0.003,0.001,0,0.419,0.34,NA,NA,0,0,NA,0,0.177,0.044,NA,NA,NA,NA,NA,0.1,3,None,Fresh Urine
3,AGO,Angola,AO,24,0.023,0.271,0,0.076,0,0,0,NA,NA,0,0.002,NA,0,0.628,0.001,NA,NA,NA,NA,NA,0.1,3,None,Fresh Urine
4,AIA,Anguilla,AI,660,NA,NA,NA,NA,NA,NA,NA,NA,NA,NA,NA,NA,NA,NA,NA,NA,NA,NA,NA,NA,0.1,3,None,Fresh Urine
5,ALB,Albania,AL,8,NA,NA,NA,NA,NA,NA,NA,NA,NA,NA,NA,NA,NA,NA,NA,0.0097448,0.3802184,0.0039846,0.0039846,0.0039846,0.1,3,None,Fresh Urine
6,AND,Andorra,AD,20,NA,NA,NA,NA,NA,NA,NA,NA,NA,NA,NA,NA,NA,NA,NA,0,1,0,0,0,0.1,3,None,Fresh Urine
7,ARE,United Arab Emirates,AE,784,NA,NA,NA,NA,NA,NA,NA,NA,NA,NA,NA,NA,NA,NA,NA,NA,NA,NA,NA,NA,0.1,3,None,Fresh Urine
8,ARG,Argentina,AR,32,NA,NA,NA,NA,NA,NA,NA,NA,NA,NA,NA,NA,NA,NA,NA,NA,NA,NA,NA,NA,0.1,3,None,Fresh Urine
9,ARM,Armenia,AM,51,0.284,0.057,0,0.052,0.003,0.147,0.458,NA,NA,0,0,NA,0,0,0,NA,0.087567,NA,NA,NA,0.1,3,None,Fresh Urine
10,ASM,American Samoa,AS,16,NA,NA,NA,NA,NA,NA,NA,NA,NA,NA,NA,NA,NA,NA,NA,NA,NA,NA,NA,NA,0.1,3,None,Fresh Urine
11,ATG,Antigua and Barbuda,AG,28,NA,NA,NA,NA,NA,NA,NA,NA,NA,NA,NA,NA,NA,NA,NA,NA,NA,NA,NA,NA,0.1,3,None,Fresh Urine
12,AUS,Australia,AU,36,NA,NA,NA,NA,NA,NA,NA,NA,NA,NA,NA,NA,NA,NA,NA,NA,NA,NA,NA,NA,0.1,3,None,Fresh Urine
13,AUT,Austria,AT,40,NA,NA,NA,NA,NA,NA,NA,NA,NA,NA,NA,NA,NA,NA,NA,0.0398666,0.8432809,0.0398666,0.0398666,0.0398666,0.1,3,None,Fresh Urine
14,AZE,Azerbaijan,AZ,31,0.048,0.011,0.01,0,0,0.78,0.148,NA,NA,0,0,NA,0,0.002,0,NA,0.0568499,NA,NA,NA,0.1,3,None,Fresh Urine
15,BDI,Burundi,BI,108,0,0.004,0,0,0,0.483,0.486,NA,NA,0.002,0,NA,0.001,0.024,0,NA,NA,NA,NA,NA,0.1,3,None,Fresh Urine
16,BEL,Belgium,BE,56,NA,NA,NA,NA,NA,NA,NA,NA,NA,NA,NA,NA,NA,NA,NA,NA,NA,NA,NA,NA,0.1,3,None,Fresh Urine
17,BEN,Benin,BJ,204,0.002,0,0,0,0,0.146,0.05,NA,NA,0.001,0,NA,0.01,0.771,0.012,NA,NA,NA,NA,NA,0.1,3,None,Fresh Urine
18,BES,"Bonaire, Sint Eustatius and Saba",BQ,535,NA,NA,NA,NA,NA,NA,NA,NA,NA,NA,NA,NA,NA,NA,NA,NA,NA,NA,NA,NA,0.1,3,None,Fresh Urine
19,BFA,Burkina Faso,BF,854,0,0.007,0.001,0,0,0.295,0.035,NA,NA,0.003,0,NA,0,0.659,0.001,NA,NA,NA,NA,NA,0.1,3,None,Fresh Urine
20,BGD,Bangladesh,BD,50,0.002,0.064,0.01,0.003,0.001,0.563,0.274,NA,NA,0,0,NA,0.042,0.042,0,0.3228791,0.0005147,0,0,0,0.1,3,None,Fresh Urine
21,BGR,Bulgaria,BG,100,NA,NA,NA,NA,NA,NA,NA,NA,NA,NA,NA,NA,NA,NA,NA,NA,0.2103158,NA,NA,NA,0.1,3,None,Fresh Urine
22,BHR,Bahrain,BH,48,NA,NA,NA,NA,NA,NA,NA,NA,NA,NA,NA,NA,NA,NA,NA,NA,NA,NA,NA,NA,0.1,3,None,Fresh Urine
23,BHS,Bahamas,BS,44,NA,NA,NA,NA,NA,NA,NA,NA,NA,NA,NA,NA,NA,NA,NA,NA,NA,NA,NA,NA,0.1,3,None,Fresh Urine
24,BIH,Bosnia and Herzegovina,BA,70,0.299,0.58,0.003,0.054,0.002,0.043,0.018,NA,NA,0,0,NA,0,0,0.001,NA,0.0245008,NA,NA,NA,0.1,3,None,Fresh Urine
25,BLR,Belarus,BY,112,NA,NA,NA,NA,NA,NA,NA,NA,NA,NA,NA,NA,NA,NA,NA,0.0877834,0.6021684,0.0738019,0.0738019,0.0738019,0.1,3,None,Fresh Urine
26,BLZ,Belize,BZ,84,0.008,0.515,0.019,0.001,0,0.365,0.069,NA,NA,0.001,0.002,NA,0,0.016,0.004,NA,NA,NA,NA,NA,0.1,3,None,Fresh Urine
27,BMU,Bermuda,BM,60,NA,NA,NA,NA,NA,NA,NA,NA,NA,NA,NA,NA,NA,NA,NA,NA,NA,NA,NA,NA,0.1,3,None,Fresh Urine
28,BOL,Bolivia,BO,68,0.066,0.086,0.027,0.001,0.007,0.241,0.144,NA,NA,0.02,0,NA,0,0.409,0,NA,0.0131157,NA,NA,NA,0.1,3,None,Fresh Urine
29,BRA,Brazil,BR,76,0.069,0,0,0.021,0.005,0.721,0.053,NA,NA,0,0,NA,0,0.052,0.079,NA,0.0474899,NA,NA,NA,0.1,3,None,Fresh Urine
30,BRB,Barbados,BB,52,NA,NA,NA,NA,NA,NA,NA,NA,NA,NA,NA,NA,NA,NA,NA,NA,NA,NA,NA,NA,0.1,3,None,Fresh Urine
31,BRN,Brunei,BN,96,NA,NA,NA,NA,NA,NA,NA,NA,NA,NA,NA,NA,NA,NA,NA,NA,NA,NA,NA,NA,0.1,3,None,Fresh Urine
32,BTN,Bhutan,BT,64,0.012,0.334,0,0.041,0,0.233,0.334,NA,NA,0,0,NA,0,0,0.046,NA,NA,NA,NA,NA,0.1,3,None,Fresh Urine
33,BWA,Botswana,BW,72,NA,NA,NA,NA,NA,NA,NA,NA,NA,NA,NA,NA,NA,NA,NA,NA,NA,NA,NA,NA,0.1,3,None,Fresh Urine
34,CAF,Central African Republic,CF,140,0,0,0.003,0,0,0.009,0.466,NA,NA,0.004,0,NA,0.002,0.393,0.122,NA,NA,NA,NA,NA,0.1,3,None,Fresh Urine
35,CAN,Canada,CA,124,NA,NA,NA,NA,NA,NA,NA,NA,NA,NA,NA,NA,NA,NA,NA,0.0257256,0.4815399,0.3101584,0.3101584,0.3101584,0.1,3,None,Fresh Urine
36,CHE,Switzerland,CH,756,0.97,0.03,0,0,0,0,0,NA,NA,0,0,NA,0,0,0,0.02912,0.9270164,0.02912,0.02912,0.02912,0.1,3,None,Fresh Urine
37,CHL,Chile,CL,152,0.167,0.627,0.084,0.001,0,0.11,0,NA,NA,0,0,NA,0,0.012,0,NA,0.1665129,NA,NA,NA,0.1,3,None,Fresh Urine
38,CHN,China,CN,156,NA,NA,NA,NA,NA,NA,NA,NA,NA,NA,NA,NA,NA,NA,NA,0.23322,0.3274863,0,0,0,0.1,3,None,Fresh Urine
39,CIV,Côte d'Ivoire,CI,384,0.004,0.018,0.002,0.003,0.005,0.282,0.218,NA,NA,0.025,0.001,NA,0.002,0.433,0.008,NA,NA,NA,NA,NA,0.1,3,None,Fresh Urine
40,CMR,Cameroon,CM,120,0,0.008,0.001,0,0,0.224,0.629,NA,NA,0.001,0,NA,0.005,0.13,0.002,NA,NA,NA,NA,NA,0.1,3,None,Fresh Urine
41,COD,Democratic Republic of the Congo,CD,180,0,0.002,0,0,0,0.331,0.49,NA,NA,0,0,NA,0,0.177,0,NA,NA,NA,NA,NA,0.1,3,None,Fresh Urine
42,COG,Republic of Congo,CG,178,0.003,0.004,0.001,0,0,0.248,0.641,NA,NA,0,0.011,NA,0.009,0.205,0,NA,NA,NA,NA,NA,0.1,3,None,Fresh Urine
43,COK,Cook Islands,CK,184,NA,NA,NA,NA,NA,NA,NA,NA,NA,NA,NA,NA,NA,NA,NA,NA,NA,NA,NA,NA,0.1,3,None,Fresh Urine
44,COL,Colombia,CO,170,NA,NA,NA,NA,NA,NA,NA,NA,NA,NA,NA,NA,NA,NA,NA,NA,0.0213052,NA,NA,NA,0.1,3,None,Fresh Urine
45,COM,Comoros,KM,174,0.035,0.031,0.01,0.005,0.006,0.219,0.62,NA,NA,0.015,0.001,NA,0.054,0.006,0,NA,NA,NA,NA,NA,0.1,3,None,Fresh Urine
46,CPV,Cape Verde,CV,132,0,0.661,0.007,0,0,0.002,0,NA,NA,0,0,NA,0,0.329,0,NA,NA,NA,NA,NA,0.1,3,None,Fresh Urine
47,CRI,Costa Rica,CR,188,0.063,0.883,0.015,0,0,0.031,0,NA,NA,0,0,NA,0,0.007,0,NA,0.0272248,NA,NA,NA,0.1,3,None,Fresh Urine
48,CUB,Cuba,CU,192,0.14,0.298,0.263,0.021,0,0.253,0,NA,NA,0.003,0,NA,0.002,0.01,0.011,NA,0.0651659,NA,NA,NA,0.1,3,None,Fresh Urine
49,CUW,Curaçao,CW,531,NA,NA,NA,NA,NA,NA,NA,NA,NA,NA,NA,NA,NA,NA,NA,NA,NA,NA,NA,NA,0.1,3,None,Fresh Urine
50,CYM,Cayman Islands,KY,136,NA,NA,NA,NA,NA,NA,NA,NA,NA,NA,NA,NA,NA,NA,NA,NA,NA,NA,NA,NA,0.1,3,None,Fresh Urine
51,CYP,Cyprus,CY,196,NA,NA,NA,NA,NA,NA,NA,NA,NA,NA,NA,NA,NA,NA,NA,NA,0.09,NA,NA,NA,0.1,3,None,Fresh Urine
52,CZE,Czech Republic,CZ,203,0.683,0.285,0,0,0,0.064,0,NA,NA,0,0,NA,0,0,0.001,0.0864167,0.6781314,0.0864167,0.0864167,0.0864167,0.1,3,None,Fresh Urine
53,DEU,Germany,DE,276,NA,NA,NA,NA,NA,NA,NA,NA,NA,NA,NA,NA,NA,NA,NA,0.0348645,0.8478995,0.0347595,0.0347595,0.0347595,0.1,3,None,Fresh Urine
54,DJI,Djibouti,DJ,262,0,0.004,0,0.016,0,0.168,0.167,NA,NA,0,0,NA,0.003,0.593,0.048,0.1893489,0,0,0,0,0.1,3,None,Fresh Urine
55,DMA,Dominica,DM,212,NA,NA,NA,NA,NA,NA,NA,NA,NA,NA,NA,NA,NA,NA,NA,NA,NA,NA,NA,NA,0.1,3,None,Fresh Urine
56,DNK,Denmark,DK,208,NA,NA,NA,NA,NA,NA,NA,NA,NA,NA,NA,NA,NA,NA,NA,NA,NA,NA,NA,NA,0.1,3,None,Fresh Urine
57,DOM,Dominican Republic,DO,214,0.054,0.416,0.117,0.004,0.004,0.345,0,NA,NA,0,0.001,NA,0,0.054,0.007,NA,0.0093284,NA,NA,NA,0.1,3,None,Fresh Urine
58,DZA,Algeria,DZ,12,0.582,0.217,0.016,0.006,0.012,0.089,0.025,NA,NA,0.002,0.001,NA,0.002,0.034,0.015,0.0989238,0.0916179,0.0173386,0.0173386,0.0173386,0.1,3,None,Fresh Urine
59,ECU,Ecuador,EC,218,0.293,0.433,0.149,0,0,0,0,NA,NA,0,0,NA,0,0.074,0.001,0.5020073,0.0695575,0,0,0,0.1,3,None,Fresh Urine
60,EGY,Egypt,EG,818,0.349,0.528,0,0.001,0.001,0,0,NA,NA,0,0,NA,0,0.001,0.118,NA,0.3263829,NA,NA,NA,0.1,3,None,Fresh Urine
61,ERI,Eritrea,ER,232,0,0.011,0.006,0,0,0.055,0,NA,NA,0,0,NA,0,0.902,0.026,NA,NA,NA,NA,NA,0.1,3,None,Fresh Urine
62,ESH,Western Sahara,EH,732,NA,NA,NA,NA,NA,NA,NA,NA,NA,NA,NA,NA,NA,NA,NA,NA,NA,NA,NA,NA,0.1,3,None,Fresh Urine
63,ESP,Spain,ES,724,NA,NA,NA,NA,NA,NA,NA,NA,NA,NA,NA,NA,NA,NA,NA,0,0.967128,0,0,0,0.1,3,None,Fresh Urine
64,EST,Estonia,EE,233,0.486,0.095,0,0,0,0.582,0.003,NA,NA,0,0.006,NA,0,0,0,0.1478791,0.6486427,0.1473877,0.1473877,0.1473877,0.1,3,None,Fresh Urine
65,ETH,Ethiopia,ET,231,0,0,0,0,0,0.031,0.639,NA,NA,0.009,0,NA,0,0.318,0.001,0.0355281,0.0026182,0,0,0,0.1,3,None,Fresh Urine
66,FIN,Finland,FI,246,NA,NA,NA,NA,NA,NA,NA,NA,NA,NA,NA,NA,NA,NA,NA,NA,0.1957672,NA,NA,NA,0.1,3,None,Fresh Urine
67,FJI,Fiji,FJ,242,NA,NA,NA,NA,NA,NA,NA,NA,NA,NA,NA,NA,NA,NA,NA,NA,NA,NA,NA,NA,0.1,3,None,Fresh Urine
68,FLK,Falkland Islands,FK,238,NA,NA,NA,NA,NA,NA,NA,NA,NA,NA,NA,NA,NA,NA,NA,NA,NA,NA,NA,NA,0.1,3,None,Fresh Urine
69,FRA,France,FR,250,NA,NA,NA,NA,NA,NA,NA,NA,NA,NA,NA,NA,NA,NA,NA,NA,NA,NA,NA,NA,0.1,3,None,Fresh Urine
70,FRO,Faroe Islands,FO,234,NA,NA,NA,NA,NA,NA,NA,NA,NA,NA,NA,NA,NA,NA,NA,NA,NA,NA,NA,NA,0.1,3,None,Fresh Urine
71,FSM,Micronesia,FM,583,NA,NA,NA,NA,NA,NA,NA,NA,NA,NA,NA,NA,NA,NA,NA,NA,NA,NA,NA,NA,0.1,3,None,Fresh Urine
72,GAB,Gabon,GA,266,NA,NA,NA,NA,NA,NA,NA,NA,NA,NA,NA,NA,NA,NA,NA,NA,NA,NA,NA,NA,0.1,3,None,Fresh Urine
73,GBR,United Kingdom,GB,826,NA,NA,NA,NA,NA,NA,NA,NA,NA,NA,NA,NA,NA,NA,NA,0.0404621,0.8370647,0.0404621,0.0404621,0.0404621,0.1,3,None,Fresh Urine
74,GEO,Georgia,GE,268,0.043,0.021,0.016,0.01,0.007,0.617,0.244,NA,NA,0.006,0,NA,0.034,0,0,NA,0.0056608,NA,NA,NA,0.1,3,None,Fresh Urine
75,GHA,Ghana,GH,288,0.006,0.032,0.0045,5.00E-04,0,0.3445,0.288,NA,NA,0.001,5.00E-04,NA,5.00E-04,0.3205,0.003,NA,NA,NA,NA,NA,0.1,3,None,Fresh Urine
76,GIB,Gibraltar,GI,292,NA,NA,NA,NA,NA,NA,NA,NA,NA,NA,NA,NA,NA,NA,NA,NA,NA,NA,NA,NA,0.1,3,None,Fresh Urine
77,GIN,Guinea,GN,324,0.001,0.026,0.025,0,0,0.26,0.408,NA,NA,0.011,0.001,NA,0.054,0.212,0,NA,NA,NA,NA,NA,0.1,3,None,Fresh Urine
78,GLP,Guadeloupe,GP,312,NA,NA,NA,NA,NA,NA,NA,NA,NA,NA,NA,NA,NA,NA,NA,NA,NA,NA,NA,NA,0.1,3,None,Fresh Urine
79,GMB,Gambia,GM,270,0,0.021,0.0035,0,0,0.3815,0.541,NA,NA,0,0,NA,0,0.0475,0.006,NA,NA,NA,NA,NA,0.1,3,None,Fresh Urine
80,GNB,Guinea-Bissau,GW,624,0.007,0.013,0,0.001,0,0.672,0,NA,NA,0,0,NA,0,0.302,0.004,NA,NA,NA,NA,NA,0.1,3,None,Fresh Urine
81,GNQ,Equatorial Guinea,GQ,226,0.066,0.053,0.121,0.074,0,0.114,0,NA,NA,0,0,NA,0.004,0.051,0.491,NA,NA,NA,NA,NA,0.1,3,None,Fresh Urine
82,GRC,Greece,GR,300,NA,NA,NA,NA,NA,NA,NA,NA,NA,NA,NA,NA,NA,NA,NA,NA,0.3688769,NA,NA,NA,0.1,3,None,Fresh Urine
83,GRD,Grenada,GD,308,NA,NA,NA,NA,NA,NA,NA,NA,NA,NA,NA,NA,NA,NA,NA,NA,NA,NA,NA,NA,0.1,3,None,Fresh Urine
84,GRL,Greenland,GL,304,NA,NA,NA,NA,NA,NA,NA,NA,NA,NA,NA,NA,NA,NA,NA,NA,NA,NA,NA,NA,0.1,3,None,Fresh Urine
85,GTM,Guatemala,GT,320,0.125,0.2,0,0.025,0,0.546,0.006,NA,NA,0,0,NA,0,0.099,0,NA,NA,NA,NA,NA,0.1,3,None,Fresh Urine
86,GUF,French Guiana,GF,254,NA,NA,NA,NA,NA,NA,NA,NA,NA,NA,NA,NA,NA,NA,NA,NA,NA,NA,NA,NA,0.1,3,None,Fresh Urine
87,GUM,Guam,GU,316,NA,NA,NA,NA,NA,NA,NA,NA,NA,NA,NA,NA,NA,NA,NA,NA,NA,NA,NA,NA,0.1,3,None,Fresh Urine
88,GUY,Guyana,GY,328,0.002,0.62,0.019,0,0,0.346,0,NA,NA,0,0,NA,0.002,0.007,0.004,NA,NA,NA,NA,NA,0.1,3,None,Fresh Urine
89,HKG,Hong Kong,HK,344,NA,NA,NA,NA,NA,NA,NA,NA,NA,NA,NA,NA,NA,NA,NA,NA,NA,NA,NA,NA,0.1,3,None,Fresh Urine
90,HND,Honduras,HN,340,0.03,0.264,0,0.017,0.008,0.538,0,NA,NA,0,0,NA,0,0.142,0.001,NA,0.0212822,NA,NA,NA,0.1,3,None,Fresh Urine
91,HRV,Croatia,HR,191,NA,NA,NA,NA,NA,NA,NA,NA,NA,NA,NA,NA,NA,NA,NA,NA,0.1965778,NA,NA,NA,0.1,3,None,Fresh Urine
92,HTI,Haiti,HT,332,0,0.028,0.002,0,0,0.359,0.237,NA,NA,0,0,NA,0.012,0.358,0.003,NA,NA,NA,NA,NA,0.1,3,None,Fresh Urine
93,HUN,Hungary,HU,348,NA,NA,NA,NA,NA,NA,NA,NA,NA,NA,NA,NA,NA,NA,NA,0.1916059,0.5994743,0.1906479,0.1906479,0.1906479,0.1,3,None,Fresh Urine
94,IDN,Indonesia,ID,360,0.135,0.579,0,0.029,0.003,0.049,0.016,NA,NA,0,0,NA,0.035,0.135,0.018,NA,NA,NA,NA,NA,0.1,3,None,Fresh Urine
95,IMN,Isle of Man,IM,833,NA,NA,NA,NA,NA,NA,NA,NA,NA,NA,NA,NA,NA,NA,NA,NA,NA,NA,NA,NA,0.1,3,None,Fresh Urine
96,IND,India,IN,356,0.016,0.254,0.091,0.005,0.001,0.063,0.019,NA,NA,0.002,0,NA,0,0.543,0.007,0.3872204,0.0032375,0,0,0,0.1,3,None,Fresh Urine
97,IRL,Ireland,IE,372,NA,NA,NA,NA,NA,NA,NA,NA,NA,NA,NA,NA,NA,NA,NA,0.5096749,0.2118234,0,0,0,0.1,3,None,Fresh Urine
98,IRN,Iran,IR,364,0.053,0.005,0,0,0,0.901,0,NA,NA,0,0,NA,0,0,0.041,NA,0.0107172,NA,NA,NA,0.1,3,None,Fresh Urine
99,IRQ,Iraq,IQ,368,0.028,0.702,0,0,0.008,0.154,0.03,NA,NA,0,0,NA,0,0.003,0.074,0.4151164,0.0347024,0,0,0,0.1,3,None,Fresh Urine
100,ISL,Iceland,IS,352,NA,NA,NA,NA,NA,NA,NA,NA,NA,NA,NA,NA,NA,NA,NA,NA,NA,NA,NA,NA,0.1,3,None,Fresh Urine
101,ISR,Israel,IL,376,NA,NA,NA,NA,NA,NA,NA,NA,NA,NA,NA,NA,NA,NA,NA,0.0125,0.8935447,0.0117572,0.0117572,0.0117572,0.1,3,None,Fresh Urine
102,ITA,Italy,IT,380,NA,NA,NA,NA,NA,NA,NA,NA,NA,NA,NA,NA,NA,NA,NA,0.0291707,0.9033185,0.0283928,0.0283928,0.0283928,0.1,3,None,Fresh Urine
103,JAM,Jamaica,JM,388,0.073,0.217,0.333,0.003,0.001,0.362,0.004,NA,NA,0,0,NA,0,0.004,0.003,NA,0.0254565,NA,NA,NA,0.1,3,None,Fresh Urine
104,JOR,Jordan,JO,400,0.227,0.751,0,0,0,0,0,NA,NA,0,0,NA,0,0.019,0.002,NA,0.1250572,NA,NA,NA,0.1,3,None,Fresh Urine
105,JPN,Japan,JP,392,NA,NA,NA,NA,NA,NA,NA,NA,NA,NA,NA,NA,NA,NA,NA,NA,NA,NA,NA,NA,0.1,3,None,Fresh Urine
106,KAZ,Kazakhstan,KZ,398,0.043,0.091,0.01,0,0,0.855,0,NA,NA,0,0,NA,0,0,0,NA,0.0201686,NA,NA,NA,0.1,3,None,Fresh Urine
107,KEN,Kenya,KE,404,0.006,0.009,0.013,0.004,0.001,0.357,0.474,NA,NA,0.011,0,NA,0.005,0.118,0.004,NA,NA,NA,NA,NA,0.1,3,None,Fresh Urine
108,KGZ,Kyrgyzstan,KG,417,0.013,0.003,0.011,0,0,0.971,0,NA,NA,0,0,NA,0,0,0.001,NA,0.0019178,NA,NA,NA,0.1,3,None,Fresh Urine
109,KHM,Cambodia,KH,116,0.034,0.635,0,0,0,0.036,0.001,NA,NA,0,0,NA,0.006,0.286,0.001,NA,NA,NA,NA,NA,0.1,3,None,Fresh Urine
110,KIR,Kiribati,KI,296,NA,NA,NA,NA,NA,NA,NA,NA,NA,NA,NA,NA,NA,NA,NA,NA,NA,NA,NA,NA,0.1,3,None,Fresh Urine
111,KNA,Saint Kitts and Nevis,KN,659,NA,NA,NA,NA,NA,NA,NA,NA,NA,NA,NA,NA,NA,NA,NA,NA,NA,NA,NA,NA,0.1,3,None,Fresh Urine
112,KOR,South Korea,KR,410,NA,NA,NA,NA,NA,NA,NA,NA,NA,NA,NA,NA,NA,NA,NA,NA,NA,NA,NA,NA,0.1,3,None,Fresh Urine
113,KWT,Kuwait,KW,414,NA,NA,NA,NA,NA,NA,NA,NA,NA,NA,NA,NA,NA,NA,NA,NA,NA,NA,NA,NA,0.1,3,None,Fresh Urine
114,LAO,Laos,LA,418,0.009,0.055,0.571,0.015,0.009,0.005,0.004,NA,NA,0.001,0,NA,0,0.326,0.006,0.5545542,0.0032568,0,0,0,0.1,3,None,Fresh Urine
115,LBN,Lebanon,LB,422,NA,NA,NA,NA,NA,NA,NA,NA,NA,NA,NA,NA,NA,NA,NA,NA,NA,NA,NA,NA,0.1,3,None,Fresh Urine
116,LBR,Liberia,LR,430,0,0.029,0.046,0.001,0,0.122,0.137,NA,NA,0.004,0,NA,0.061,0.598,0.001,NA,NA,NA,NA,NA,0.1,3,None,Fresh Urine
117,LBY,Libya,LY,434,NA,NA,NA,NA,NA,NA,NA,NA,NA,NA,NA,NA,NA,NA,NA,NA,NA,NA,NA,NA,0.1,3,None,Fresh Urine
118,LCA,Saint Lucia,LC,662,0.038,0.71,0.004,0,0.002,0.235,0.001,NA,NA,0,0.001,NA,0,0.009,0,NA,NA,NA,NA,NA,0.1,3,None,Fresh Urine
119,LIE,Liechtenstein,LI,438,NA,NA,NA,NA,NA,NA,NA,NA,NA,NA,NA,NA,NA,NA,NA,NA,NA,NA,NA,NA,0.1,3,None,Fresh Urine
120,LKA,Sri Lanka,LK,144,0.021,0.017,0.918,0.002,0,0.05,0.002,NA,NA,0,0,NA,0,0.012,0.002,NA,NA,NA,NA,NA,0.1,3,None,Fresh Urine
121,LSO,Lesotho,LS,426,0.004,0.003,0.005,0,0.002,0.416,0.226,NA,NA,0,0,NA,0,0.344,0,NA,NA,NA,NA,NA,0.1,3,None,Fresh Urine
122,LTU,Lithuania,LT,440,NA,NA,NA,NA,NA,NA,NA,NA,NA,NA,NA,NA,NA,NA,NA,0.0335151,0.7668689,0.0327729,0.0327729,0.0327729,0.1,3,None,Fresh Urine
123,LUX,Luxembourg,LU,442,NA,NA,NA,NA,NA,NA,NA,NA,NA,NA,NA,NA,NA,NA,NA,0.0470271,0.7986541,0.046984,0.046984,0.046984,0.1,3,None,Fresh Urine
124,LVA,Latvia,LV,428,NA,NA,NA,NA,NA,NA,NA,NA,NA,NA,NA,NA,NA,NA,NA,0.0220274,0.7223682,0.0207295,0.0207295,0.0207295,0.1,3,None,Fresh Urine
125,MAC,Macao,MO,446,NA,NA,NA,NA,NA,NA,NA,NA,NA,NA,NA,NA,NA,NA,NA,NA,NA,NA,NA,NA,0.1,3,None,Fresh Urine
126,MAR,Morocco,MA,504,0.028,0.396,0.291,0,0,0.003,0,NA,NA,0,0,NA,0,0.277,0.003,NA,0.000536,NA,NA,NA,0.1,3,None,Fresh Urine
127,MCO,Monaco,MC,492,NA,NA,NA,NA,NA,NA,NA,NA,NA,NA,NA,NA,NA,NA,NA,NA,NA,NA,NA,NA,0.1,3,None,Fresh Urine
128,MDA,Moldova,MD,498,NA,NA,NA,NA,NA,NA,NA,NA,NA,NA,NA,NA,NA,NA,NA,NA,0.0284204,NA,NA,NA,0.1,3,None,Fresh Urine
129,MDG,Madagascar,MG,450,0.005,0.011,0.008,0.001,0.001,0.091,0.437,NA,NA,0.01,0.001,NA,0.019,0.416,0,NA,NA,NA,NA,NA,0.1,3,None,Fresh Urine
130,MDV,Maldives,MV,462,NA,NA,NA,NA,NA,NA,NA,NA,NA,NA,NA,NA,NA,NA,NA,NA,NA,NA,NA,NA,0.1,3,None,Fresh Urine
131,MEX,Mexico,MX,484,0.3055,0.439,0,0.0185,0,0.147,0,NA,NA,0,0,NA,0,0.0765,0.014,NA,0.1811237,NA,NA,NA,0.1,3,None,Fresh Urine
132,MHL,Marshall Islands,MH,584,0.03,0.567,0.029,0.007,0,0.02,0,NA,NA,0,0,NA,0,0.347,0,NA,NA,NA,NA,NA,0.1,3,None,Fresh Urine
133,MKD,Macedonia,MK,807,0.358,0.357,0.016,0.072,0.011,0.124,0.035,NA,NA,0.01,0,NA,0.001,0.013,0.003,NA,0.0309013,NA,NA,NA,0.1,3,None,Fresh Urine
134,MLI,Mali,ML,466,0.0035,0.001,0.0015,0,0,0.3155,0.538,NA,NA,0.0055,0,NA,0.004,0.1145,0.0015,0.2553843,0,0,0,0,0.1,3,None,Fresh Urine
135,MLT,Malta,MT,470,NA,NA,NA,NA,NA,NA,NA,NA,NA,NA,NA,NA,NA,NA,NA,0,0.93025,0,0,0,0.1,3,None,Fresh Urine
136,MMR,Myanmar,MM,104,0.001,0.025,0.299,0.013,0,0.33,0.313,NA,NA,0.021,0.001,NA,0.017,0.142,0.003,NA,NA,NA,NA,NA,0.1,3,None,Fresh Urine
137,MNE,Montenegro,ME,499,0.177,0.702,0.002,0.039,0,0.052,0.003,NA,NA,0,0,NA,0,0.001,0.024,NA,0.0426459,NA,NA,NA,0.1,3,None,Fresh Urine
138,MNG,Mongolia,MN,496,0.032,0.001,0.001,0,0,0.574,0.138,NA,NA,0,0,NA,0,0.252,0.002,NA,0.0087356,NA,NA,NA,0.1,3,None,Fresh Urine
139,MNP,Northern Mariana Islands,MP,580,NA,NA,NA,NA,NA,NA,NA,NA,NA,NA,NA,NA,NA,NA,NA,NA,NA,NA,NA,NA,0.1,3,None,Fresh Urine
140,MOZ,Mozambique,MZ,508,0,0.007,0,0,0,0.125,0.382,NA,NA,0,0,NA,0,0.485,0,0.1627129,0,0,0,0,0.1,3,None,Fresh Urine
141,MRT,Mauritania,MR,478,NA,NA,NA,NA,NA,NA,NA,NA,NA,NA,NA,NA,NA,NA,NA,NA,NA,NA,NA,NA,0.1,3,None,Fresh Urine
142,MSR,Montserrat,MS,500,NA,NA,NA,NA,NA,NA,NA,NA,NA,NA,NA,NA,NA,NA,NA,NA,NA,NA,NA,NA,0.1,3,None,Fresh Urine
143,MTQ,Martinique,MQ,474,NA,NA,NA,NA,NA,NA,NA,NA,NA,NA,NA,NA,NA,NA,NA,NA,NA,NA,NA,NA,0.1,3,None,Fresh Urine
144,MUS,Mauritius,MU,480,0.049,0.085,0.827,0,0,0.073,0,NA,NA,0,0,NA,0,0.002,0,NA,0.0384499,NA,NA,NA,0.1,3,None,Fresh Urine
145,MWI,Malawi,MW,454,0.001,0.004,0.003,0,0,1.608,0.121,NA,NA,0,0.001,NA,0,0.062,0,NA,NA,NA,NA,NA,0.1,3,None,Fresh Urine
146,MYS,Malaysia,MY,458,NA,NA,NA,NA,NA,NA,NA,NA,NA,NA,NA,NA,NA,NA,NA,NA,NA,NA,NA,NA,0.1,3,None,Fresh Urine
147,MYT,Mayotte,YT,175,NA,NA,NA,NA,NA,NA,NA,NA,NA,NA,NA,NA,NA,NA,NA,NA,NA,NA,NA,NA,0.1,3,None,Fresh Urine
148,NAM,Namibia,NA,516,0.068,0.012,0.014,0.008,0.001,0.113,0.046,NA,NA,0,0.003,NA,0,0.735,0,NA,NA,NA,NA,NA,0.1,3,None,Fresh Urine
149,NCL,New Caledonia,NC,540,NA,NA,NA,NA,NA,NA,NA,NA,NA,NA,NA,NA,NA,NA,NA,NA,NA,NA,NA,NA,0.1,3,None,Fresh Urine
150,NER,Niger,NE,562,0,0.002,0.024,0.022,0.001,0.12,0.09,NA,NA,0,0,NA,0.001,0.734,0.007,0.0683896,0.0006398,0,0,0,0.1,3,None,Fresh Urine
151,NGA,Nigeria,NG,566,0.042,0.059,0.056,0.003,0.001,0.26,0.26,NA,NA,0.0065,5.00E-04,NA,0.0205,0.2755,0.016,0.222005,0.0165939,0,0,0,0.1,3,None,Fresh Urine
152,NIC,Nicaragua,NI,558,0.003,0.023,0,0,0,0.798,0,NA,NA,0,0,NA,0,0.176,0,NA,NA,NA,NA,NA,0.1,3,None,Fresh Urine
153,NIU,Niue,NU,570,NA,NA,NA,NA,NA,NA,NA,NA,NA,NA,NA,NA,NA,NA,NA,NA,NA,NA,NA,NA,0.1,3,None,Fresh Urine
154,NLD,Netherlands,NL,528,NA,NA,NA,NA,NA,NA,NA,NA,NA,NA,NA,NA,NA,NA,NA,0.0121576,0.9501405,0.0121546,0.0121546,0.0121546,0.1,3,None,Fresh Urine
155,NOR,Norway,NO,578,NA,NA,NA,NA,NA,NA,NA,NA,NA,NA,NA,NA,NA,NA,NA,NA,NA,NA,NA,NA,0.1,3,None,Fresh Urine
156,NPL,Nepal,NP,524,0.0055,0.446,0.085,0.001,0,0.213,0.005,NA,NA,0.007,0,NA,0,0.2345,0,NA,NA,NA,NA,NA,0.1,3,None,Fresh Urine
157,NRU,Nauru,NR,520,0,0,0,0,0,0,0,NA,NA,0,0,NA,0,0,0,NA,NA,NA,NA,NA,0.1,3,None,Fresh Urine
158,NZL,New Zealand,NZ,554,NA,NA,NA,NA,NA,NA,NA,NA,NA,NA,NA,NA,NA,NA,NA,NA,NA,NA,NA,NA,0.1,3,None,Fresh Urine
159,OMN,Oman,OM,512,0.015,0.888,0.022,0,0,0.066,0,NA,NA,0,0,NA,0,0.008,0,NA,0.0150854,NA,NA,NA,0.1,3,None,Fresh Urine
160,PAK,Pakistan,PK,586,0.0625,0.3055,0.1065,0.103,0.0085,0.0745,0.0185,NA,NA,0,0.0035,NA,0.039,0.2615,0.017,NA,NA,NA,NA,NA,0.1,3,None,Fresh Urine
161,PAN,Panama,PA,591,0.013,0.313,0.016,0.012,0,0.482,0.012,NA,NA,0.001,0,NA,0.021,0.125,0.004,NA,NA,NA,NA,NA,0.1,3,None,Fresh Urine
162,PER,Peru,PE,604,0.1905,0.16325,0,0.009,0,0.22875,0.20825,NA,NA,0,0,NA,0.00025,0.1955,0.00375,NA,0.1024672,NA,NA,NA,0.1,3,None,Fresh Urine
163,PHL,Philippines,PH,608,0.0305,0.662,0.1305,0.0095,5.00E-04,0.058,0.024,NA,NA,0.0035,0.0025,NA,0.0125,0.0725,0.006,0.4829465,0.0128972,0,0,0,0.1,3,None,Fresh Urine
164,PLW,Palau,PW,585,NA,NA,NA,NA,NA,NA,NA,NA,NA,NA,NA,NA,NA,NA,NA,NA,NA,NA,NA,NA,0.1,3,None,Fresh Urine
165,PNG,Papua New Guinea,PG,598,NA,NA,NA,NA,NA,NA,NA,NA,NA,NA,NA,NA,NA,NA,NA,NA,0.0047465,NA,NA,NA,0.1,3,None,Fresh Urine
166,POL,Poland,PL,616,NA,NA,NA,NA,NA,NA,NA,NA,NA,NA,NA,NA,NA,NA,NA,NA,NA,NA,NA,NA,0.1,3,None,Fresh Urine
167,PRI,Puerto Rico,PR,630,NA,NA,NA,NA,NA,NA,NA,NA,NA,NA,NA,NA,NA,NA,NA,NA,NA,NA,NA,NA,0.1,3,None,Fresh Urine
168,PRK,North Korea,KP,408,0.095,0.145,0.039,0.001,0,0.445,0.276,NA,NA,0,0,NA,0,0,0,0.0040879,0.0472727,0,0,0,0.1,3,None,Fresh Urine
169,PRT,Portugal,PT,620,NA,NA,NA,NA,NA,NA,NA,NA,NA,NA,NA,NA,NA,NA,NA,NA,0.3098283,NA,NA,NA,0.1,3,None,Fresh Urine
170,PRY,Paraguay,PY,600,0.008,0.308,0.327,0.001,0,0.342,0,NA,NA,0,0,NA,0,0.014,0,0.6624273,0,0,0,0,0.1,3,None,Fresh Urine
171,PSE,Palestina,PS,275,0,0,0,0,0,0,0,NA,NA,0,0,NA,0,0,0,NA,0.04525,NA,NA,NA,0.1,3,None,Fresh Urine
172,PYF,French Polynesia,PF,258,NA,NA,NA,NA,NA,NA,NA,NA,NA,NA,NA,NA,NA,NA,NA,NA,NA,NA,NA,NA,0.1,3,None,Fresh Urine
173,QAT,Qatar,QA,634,NA,NA,NA,NA,NA,NA,NA,NA,NA,NA,NA,NA,NA,NA,NA,NA,NA,NA,NA,NA,0.1,3,None,Fresh Urine
174,REU,Reunion,RE,638,NA,NA,NA,NA,NA,NA,NA,NA,NA,NA,NA,NA,NA,NA,NA,NA,NA,NA,NA,NA,0.1,3,None,Fresh Urine
175,ROU,Romania,RO,642,NA,NA,NA,NA,NA,NA,NA,NA,NA,NA,NA,NA,NA,NA,NA,NA,NA,NA,NA,NA,0.1,3,None,Fresh Urine
176,RUS,Russia,RU,643,NA,NA,NA,NA,NA,NA,NA,NA,NA,NA,NA,NA,NA,NA,NA,0.142033,0.3152648,0.0950332,0.0950332,0.0950332,0.1,3,None,Fresh Urine
177,RWA,Rwanda,RW,646,0.001,0.003,0,0.002,0,0.788,0.165,NA,NA,0.019,0,NA,0,0.017,0.003,NA,NA,NA,NA,NA,0.1,3,None,Fresh Urine
178,SAU,Saudi Arabia,SA,682,NA,NA,NA,NA,NA,NA,NA,NA,NA,NA,NA,NA,NA,NA,NA,NA,NA,NA,NA,NA,0.1,3,None,Fresh Urine
179,SDN,Sudan,SD,729,0.001,0.008,0.007,0,0,0.262,0.295,NA,NA,0.004,0.001,NA,0,0.4,0.023,NA,NA,NA,NA,NA,0.1,3,None,Fresh Urine
180,SEN,Senegal,SN,686,5.00E-04,0.291,0.022,0.002,0.0025,0.434,0.054,NA,NA,0.0065,0,NA,0.0375,0.2525,0.0045,0.2100927,0.0008771,0,0,0,0.1,3,None,Fresh Urine
181,SGP,Singapore,SG,702,NA,NA,NA,NA,NA,NA,NA,NA,NA,NA,NA,NA,NA,NA,NA,NA,NA,NA,NA,NA,0.1,3,None,Fresh Urine
182,SHN,Saint Helena,SH,654,NA,NA,NA,NA,NA,NA,NA,NA,NA,NA,NA,NA,NA,NA,NA,NA,NA,NA,NA,NA,0.1,3,None,Fresh Urine
183,SLB,Solomon Islands,SB,90,0.02,0.064,0.038,0.002,0,0.074,0.093,NA,NA,0.002,0,NA,0.024,0.667,0.016,NA,NA,NA,NA,NA,0.1,3,None,Fresh Urine
184,SLE,Sierra Leone,SL,694,0.001,0.006,0.009,0,0,0.257,0.408,NA,NA,0.002,0.002,NA,0.035,0.277,0.002,0.0840419,6.85E-05,0,0,0,0.1,3,None,Fresh Urine
185,SLV,El Salvador,SV,222,0.012,0.204,0,0,0,1.162,0,NA,NA,0.151,0,NA,0,0.051,0,NA,NA,NA,NA,NA,0.1,3,None,Fresh Urine
186,SMR,San Marino,SM,674,NA,NA,NA,NA,NA,NA,NA,NA,NA,NA,NA,NA,NA,NA,NA,NA,NA,NA,NA,NA,0.1,3,None,Fresh Urine
187,SOM,Somalia,SO,706,0.023,0.012,0.085,0.003,0,0.161,0.185,NA,NA,0.004,0.005,NA,0.008,0.452,0.06,NA,NA,NA,NA,NA,0.1,3,None,Fresh Urine
188,SPM,Saint Pierre and Miquelon,PM,666,NA,NA,NA,NA,NA,NA,NA,NA,NA,NA,NA,NA,NA,NA,NA,NA,NA,NA,NA,NA,0.1,3,None,Fresh Urine
189,SRB,Serbia,RS,688,0.195,0.653,0.001,0.023,0.005,0.093,0.022,NA,NA,0,0,NA,0,0.002,0.005,NA,0.0417479,NA,NA,NA,0.1,3,None,Fresh Urine
190,SSD,South Sudan,SS,728,NA,NA,NA,NA,NA,NA,NA,NA,NA,NA,NA,NA,NA,NA,NA,NA,NA,NA,NA,NA,0.1,3,None,Fresh Urine
191,STP,São Tomé and Príncipe,ST,678,0.096,0.028,0.019,0,0,0.233,0,NA,NA,0,0.002,NA,0,0.613,0.01,NA,NA,NA,NA,NA,0.1,3,None,Fresh Urine
192,SUR,Suriname,SR,740,0.009,0.455,0.032,0.001,0,0.247,0.05,NA,NA,0.001,0.001,NA,0.001,0.185,0.018,NA,NA,NA,NA,NA,0.1,3,None,Fresh Urine
193,SVK,Slovakia,SK,703,0.552,0.392,0,0,0,0.112,0,NA,NA,0,0,NA,0,0,0,0.1220596,0.5170624,0.1181449,0.1181449,0.1181449,0.1,3,None,Fresh Urine
194,SVN,Slovenia,SI,705,NA,NA,NA,NA,NA,NA,NA,NA,NA,NA,NA,NA,NA,NA,NA,NA,NA,NA,NA,NA,0.1,3,None,Fresh Urine
195,SWE,Sweden,SE,752,NA,NA,NA,NA,NA,NA,NA,NA,NA,NA,NA,NA,NA,NA,NA,0.0631544,0.7517166,0.0631544,0.0631544,0.0631544,0.1,3,None,Fresh Urine
196,SWZ,Swaziland,SZ,748,0.02,0.038,0.007,0,0.001,0.715,0.074,NA,NA,0,0,NA,0,0.144,0.001,NA,0.0100481,NA,NA,NA,0.1,3,None,Fresh Urine
197,SXM,Sint Maarten,SX,534,NA,NA,NA,NA,NA,NA,NA,NA,NA,NA,NA,NA,NA,NA,NA,NA,NA,NA,NA,NA,0.1,3,None,Fresh Urine
198,SYC,Seychelles,SC,690,NA,NA,NA,NA,NA,NA,NA,NA,NA,NA,NA,NA,NA,NA,NA,NA,NA,NA,NA,NA,0.1,3,None,Fresh Urine
199,SYR,Syria,SY,760,0.445,0.127,0,0,0,0.37,0.034,NA,NA,0,0,NA,0,0.023,0.001,NA,NA,NA,NA,NA,0.1,3,None,Fresh Urine
200,TCA,Turks and Caicos Islands,TC,796,NA,NA,NA,NA,NA,NA,NA,NA,NA,NA,NA,NA,NA,NA,NA,NA,NA,NA,NA,NA,0.1,3,None,Fresh Urine
201,TCD,Chad,TD,148,0,0.001,0.001,0,0,0.036,0.109,NA,NA,0,0.001,NA,0.008,0.844,0,NA,NA,NA,NA,NA,0.1,3,None,Fresh Urine
202,TGO,Togo,TG,768,0,0.041,0.005,0,0,0.147,0.087,NA,NA,0.011,0,NA,0.003,0.706,0,NA,NA,NA,NA,NA,0.1,3,None,Fresh Urine
203,THA,Thailand,TH,764,0.052,0.896,0.046,0,0,0.001,0,NA,NA,0,0,NA,0,0.004,0,NA,NA,NA,NA,NA,0.1,3,None,Fresh Urine
204,TJK,Tajikistan,TJ,762,0.001,0,0.003,0.002,0,1.908,0.07,NA,NA,0.001,0,NA,0,0.004,0.001,NA,NA,NA,NA,NA,0.1,3,None,Fresh Urine
205,TKL,Tokelau,TK,772,NA,NA,NA,NA,NA,NA,NA,NA,NA,NA,NA,NA,NA,NA,NA,NA,NA,NA,NA,NA,0.1,3,None,Fresh Urine
206,TKM,Turkmenistan,TM,795,NA,NA,NA,NA,NA,NA,NA,NA,NA,NA,NA,NA,NA,NA,NA,NA,NA,NA,NA,NA,0.1,3,None,Fresh Urine
207,TLS,Timor-Leste,TL,626,NA,NA,NA,NA,NA,NA,NA,NA,NA,NA,NA,NA,NA,NA,NA,NA,NA,NA,NA,NA,0.1,3,None,Fresh Urine
208,TON,Tonga,TO,776,0,0.776,0.079,0.002,0,0.116,0.098,NA,NA,0.003,0.022,NA,0,0,0.023,NA,NA,NA,NA,NA,0.1,3,None,Fresh Urine
209,TTO,Trinidad and Tobago,TT,780,NA,NA,NA,NA,NA,NA,NA,NA,NA,NA,NA,NA,NA,NA,NA,NA,NA,NA,NA,NA,0.1,3,None,Fresh Urine
210,TUN,Tunisia,TN,788,0.082,0.728,0,0.093,0,0,0,NA,NA,0,0,NA,0,0.028,0.069,NA,0.0739426,NA,NA,NA,0.1,3,None,Fresh Urine
211,TUR,Turkey,TR,792,0.435,0.432,0,0,0,0.864,0.113,NA,NA,0,0,NA,0,0.014,0.005,NA,0.3025764,NA,NA,NA,0.1,3,None,Fresh Urine
212,TUV,Tuvalu,TV,798,NA,NA,NA,NA,NA,NA,NA,NA,NA,NA,NA,NA,NA,NA,NA,0.0972453,0,0,0,0,0.1,3,None,Fresh Urine
213,TWN,Taiwan,TW,158,NA,NA,NA,NA,NA,NA,NA,NA,NA,NA,NA,NA,NA,NA,NA,NA,NA,NA,NA,NA,0.1,3,None,Fresh Urine
214,TZA,Tanzania,TZ,834,0.004,0.041,0.057,0.005,0.002,0.364,0.405,NA,NA,0.02,0.001,NA,0.001,0.097,0.003,0.2231534,0.0007022,0,0,0,0.1,3,None,Fresh Urine
215,UGA,Uganda,UG,800,0.002,0.002,0,0,0,0.226,0.676,NA,NA,0.001,0.001,NA,0.002,0.081,0.01,NA,0.0005484,NA,NA,NA,0.1,3,None,Fresh Urine
216,UKR,Ukraine,UA,804,0.059,0.022,0.07,0,0.001,0.806,0.02,NA,NA,0.012,0.009,NA,0,0.001,0,NA,0.0155716,NA,NA,NA,0.1,3,None,Fresh Urine
217,URY,Uruguay,UY,858,0.011,0.868,0,0.002,0,0.097,0,NA,NA,0,0,NA,0,0.007,0.015,NA,NA,NA,NA,NA,0.1,3,None,Fresh Urine
218,USA,United States,US,840,0.322,0.677,0,0,0,0,0,NA,NA,0,0,NA,0,0,0.001,NA,0.3059011,NA,NA,NA,0.1,3,None,Fresh Urine
219,UZB,Uzbekistan,UZ,860,NA,NA,NA,NA,NA,NA,NA,NA,NA,NA,NA,NA,NA,NA,NA,NA,NA,NA,NA,NA,0.1,3,None,Fresh Urine
220,VAT,Vatican City,VA,336,NA,NA,NA,NA,NA,NA,NA,NA,NA,NA,NA,NA,NA,NA,NA,NA,NA,NA,NA,NA,0.1,3,None,Fresh Urine
221,VCT,Saint Vincent and the Grenadines,VC,670,NA,NA,NA,NA,NA,NA,NA,NA,NA,NA,NA,NA,NA,NA,NA,NA,NA,NA,NA,NA,0.1,3,None,Fresh Urine
222,VEN,Venezuela,VE,862,NA,NA,NA,NA,NA,NA,NA,NA,NA,NA,NA,NA,NA,NA,NA,NA,NA,NA,NA,NA,0.1,3,None,Fresh Urine
223,VGB,British Virgin Islands,VG,92,NA,NA,NA,NA,NA,NA,NA,NA,NA,NA,NA,NA,NA,NA,NA,NA,NA,NA,NA,NA,0.1,3,None,Fresh Urine
224,VIR,"Virgin Islands, U.S.",VI,850,NA,NA,NA,NA,NA,NA,NA,NA,NA,NA,NA,NA,NA,NA,NA,NA,NA,NA,NA,NA,0.1,3,None,Fresh Urine
225,VNM,Vietnam,VN,704,0.004,0.537,0.039,0.011,0.001,0.097,0.049,NA,NA,0.088,0.001,NA,0.093,0.073,0.007,NA,NA,NA,NA,NA,0.1,3,None,Fresh Urine
226,VUT,Vanuatu,VU,548,NA,NA,NA,NA,NA,NA,NA,NA,NA,NA,NA,NA,NA,NA,NA,NA,NA,NA,NA,NA,0.1,3,None,Fresh Urine
227,WLF,Wallis and Futuna,WF,876,NA,NA,NA,NA,NA,NA,NA,NA,NA,NA,NA,NA,NA,NA,NA,NA,NA,NA,NA,NA,0.1,3,None,Fresh Urine
228,WSM,Samoa,WS,882,NA,NA,NA,NA,NA,NA,NA,NA,NA,NA,NA,NA,NA,NA,NA,0.5080804,0.000868,0,0,0,0.1,3,None,Fresh Urine
229,YEM,Yemen,YE,887,0.062,0.283,0,0,0,0.219,0,NA,NA,0,0.098,NA,0,0.334,0.004,NA,0.0038942,NA,NA,NA,0.1,3,None,Fresh Urine
230,ZAF,South Africa,ZA,710,NA,NA,NA,NA,NA,NA,NA,NA,NA,NA,NA,NA,NA,NA,NA,NA,NA,NA,NA,NA,0.1,3,None,Fresh Urine
231,ZMB,Zambia,ZM,894,0.004,0.007,0.002,0,0,0.498,0.478,NA,NA,0,0,NA,0.002,0.257,0,NA,NA,NA,NA,NA,0.1,3,None,Fresh Urine
232,ZWE,Zimbabwe,ZW,716,0.026,0.019,0.002,0,0,0.51,0.108,NA,NA,0,0.001,NA,0,0.331,0.002,NA,0.0032482,NA,NA,NA,0.1,3,None,Fresh Urine