gid,iso,subarea,hdi,population,fraction_urban_pop,fraction_pop_under5,sheddingRate_virus,shedding_duration_virus,incidence_urban_under5_virus,incidence_urban_5plus_virus,incidence_rural_under5_virus,incidence_rural_5plus_virus,sheddingRate_protozoa,shedding_duration_protozoa,incidence_urban_under5_protozoa,incidence_urban_5plus_protozoa,incidence_rural_under5_protozoa,incidence_rural_5plus_protozoa,flushSewer_urb,flushSeptic_urb,flushPit_urb,flushOpen_urb,flushUnknown_urb,pitSlab_urb,pitNoSlab_urb,compostingToilet_urb,bucketLatrine_urb,containerBased_urb,hangingToilet_urb,openDefecation_urb,other_urb,coverBury_urb,sewageTreated_urb,fecalSludgeTreated_urb,isWatertight_urb,hasLeach_urb,emptyFrequency_urb,pitAdditive_urb,urine_urb,twinPits_urb,onsiteDumpedland_urb,flushSewer_rur,flushSeptic_rur,flushPit_rur,flushOpen_rur,flushUnknown_rur,pitSlab_rur,pitNoSlab_rur,compostingToilet_rur,bucketLatrine_rur,containerBased_rur,hangingToilet_rur,openDefecation_rur,other_rur,coverBury_rur,sewageTreated_rur,fecalSludgeTreated_rur,isWatertight_rur,hasLeach_rur,emptyFrequency_rur,pitAdditive_rur,urine_rur,twinPits_rur,onsiteDumpedland_rur,FractionPrimarytreatment,FractionSecondarytreatment,FractionTertiarytreatment,FractionPonds,fRemoval_treatment_virus,fRemoval_treatment_protozoa,fEmitted_inEffluent_after_treatment_virus,fEmitted_inEffluent_after_treatment_protozoa,notes1,notes2,notes3
ABW,ABW,Aruba,NA,105670,0.43410618,0.056946968,1.00E+10,7,NA,NA,NA,NA,1.00E+09,7,NA,NA,NA,NA,0.146,0.824,0,0,0,0.013,0,0,0,NA,0,0.01,0.007,0,0.22,0.2,0,0,3,0,0,0,0.1,0.146,0.824,0,0,0,0.013,0,0,0,NA,0,0.01,0.007,0,0.22,0,0,0,3,0,0,0,0.1,1,0,0,NA,0.75,0.5,0.2425,0.425,,"Urban sanitation technologies data was not available, so national data was used.","Rural sanitation technologies data was not available, so national data was used."
AFG,AFG,Afghanistan,0.496,36373176,0.254948922,0.14571669,1.00E+10,7,0.24,0.01,0.24,0.01,1.00E+09,7,0.1,0.1,0.1,0.1,0.045,0.337,0.041,0.007,0,0.408,0.151,0,0,NA,0,0.005,0.004,0,0.029007909,0.2,0,0,3,0,0,0,0.1,0.006,0.01,0.003,0.001,0,0.419,0.34,0,0,NA,0,0.177,0.044,0.9,0.029286831,0,0,0,3,0,0,0,0.1,1,0,0,NA,0.75,0.5,0.2425,0.425,,,
AGO,AGO,Angola,0.574,30774205,0.655144073,0.176320719,1.00E+10,7,0.24,0.01,0.24,0.01,1.00E+09,7,0.1,0.1,0.1,0.1,0.117,0.756,0,0.04,0,0,0,0,0.004,NA,0,0.078,0.005,0,0.06655044,0.2,0,0,3,0,0,0,0.1,0.023,0.271,0,0.076,0,0,0,0,0.002,NA,0,0.628,0.001,0.9,0.213473758,0,0,0,3,0,0,0,0.1,1,0,0,NA,0.75,0.5,0.2425,0.425,,,
AIA,AIA,Anguilla,NA,15045,1,NA,1.00E+10,7,NA,NA,NA,NA,1.00E+09,7,NA,NA,NA,NA,0,0,0,0,0,0.97,0,0,0,NA,0,0,0.03,0,0.22,0.2,0,0,3,0,0,0,0.1,0,0,0,0,0,0.97,0,0,0,NA,0,0,0.03,0,0.22,0,0,0,3,0,0,0,0.1,0.833333333,0.166666667,0,NA,0.783333333,0.566666667,0.20625,0.3575,,,"Rural sanitation technologies data was not available, so national data was used."
ALA,ALA,Åland Islands,NA,NA,NA,NA,1.00E+10,7,NA,NA,NA,NA,1.00E+09,7,NA,NA,NA,NA,NA,NA,NA,NA,NA,NA,NA,NA,NA,NA,NA,NA,NA,0,0.22,0.2,NA,NA,NA,NA,NA,NA,NA,NA,NA,NA,NA,NA,NA,NA,NA,NA,NA,NA,NA,NA,0,0.22,0,NA,NA,NA,NA,NA,NA,NA,NA,NA,NA,NA,NA,NA,NA,NA,No Data,,
ALB,ALB,Albania,0.791,2934363,0.603188835,0.057779554,1.00E+10,7,0.24,0.01,0.24,0.01,1.00E+09,7,0.1,0.1,0.1,0.1,0.982,0,0,0,0,0.018,0,0,0,NA,0,0,0,0.0008206,0.4005493,0.0003355,0,0,3,0,0,0,0.1,0.852,0,0,0,0,0.148,0,0,0,NA,0,0,0.001,0.0097448,0.3802184,0.0039846,0,0,3,0,0,0,0.1,0.4,0.6,0,NA,0.87,0.74,0.112,0.182,,,
AND,AND,Andorra,0.857,76953,0.880615441,NA,1.00E+10,7,0.08,0.01,0.08,0.01,1.00E+09,7,0.05,0.05,0.05,0.05,1,0,0,0,0,0,0,0,0,NA,0,0,0,0,1,0,0,0,3,0,0,0,0.1,1,0,0,0,0,0,0,0,0,NA,0,0,0,0,1,0,0,0,3,0,0,0,0.1,0.06185567,0.577319588,0.360824742,NA,0.952061856,0.882474227,0.030876289,0.045051546,,,
ARE,ARE,United Arab Emirates,0.866,9541615,0.865224912,0.050466917,1.00E+10,7,0.08,0.01,0.08,0.01,1.00E+09,7,0.05,0.05,0.05,0.05,0.783,0.201,0,0,0,0,0,0,0,NA,0,0,0.016,0,0.634541239,0.9,0,0,3,0,0,0,0.1,0.783,0.201,0,0,0,0,0,0,0,NA,0,0,0.016,0,0.634541239,0.9,0,0,3,0,0,0,0.1,0.443037975,0.46835443,0.088607595,NA,0.864936709,0.724556962,0.1195,0.19943038,,"Urban sanitation technologies data was not available, so national data was used.","Rural sanitation technologies data was not available, so national data was used."
ARG,ARG,Argentina,0.83,44688864,0.918704646,0.082676994,1.00E+10,7,0.08,0.01,0.08,0.01,1.00E+09,7,0.05,0.05,0.05,0.05,0.6055,0.24,0.131,0.0015,0,0.013,0,0,0,NA,0,0.009,0,0,0.46457105,0.9,0,0,3,0,0,0,0.1,0,0,0,0,0,0,0,0,0,NA,0,0,0,0,0.463423016,0.9,0,0,3,0,0,0,0.1,0.784313725,0.215686275,0,NA,0.793137255,0.58627451,0.195588235,0.337647059,Urban Only,,"Rural sanitation technologies data was not available, so national data was used."
ARM,ARM,Armenia,0.76,2934152,0.631486372,0.069176785,1.00E+10,7,0.24,0.01,0.24,0.01,1.00E+09,7,0.1,0.1,0.1,0.1,0.961,0,0,0,0,0,0,0,0,NA,0,0,0.039,0.0026381,0.4487889,0.001195,0,0,3,0,0,0,0.1,0.203,0,0,0,0,0,0,0,0,NA,0,0,0.797,0.9,0.087567,0,0,0,3,0,0,0,0.1,0.457142857,0.542857143,0,NA,0.858571429,0.717142857,0.124428571,0.205142857,,,
ASM,ASM,American Samoa,NA,55679,0.871531457,NA,1.00E+10,7,NA,NA,NA,NA,1.00E+09,7,NA,NA,NA,NA,NA,NA,NA,NA,NA,NA,NA,NA,NA,NA,NA,NA,NA,0,0.22,0.2,0,0,3,0,0,0,0.1,NA,NA,NA,NA,NA,NA,NA,NA,NA,NA,NA,NA,NA,0,0.22,0,0,0,3,0,0,0,0.1,1,0,0,NA,0.75,0.5,0.2425,0.425,No Data,"Urban sanitation technologies data was not available, so national data was used.","Rural sanitation technologies data was not available, so national data was used."
ATA,ATA,Antarctica,NA,NA,NA,NA,1.00E+10,7,NA,NA,NA,NA,1.00E+09,7,NA,NA,NA,NA,NA,NA,NA,NA,NA,NA,NA,NA,NA,NA,NA,NA,NA,0,0.22,0.2,NA,NA,NA,NA,NA,NA,NA,NA,NA,NA,NA,NA,NA,NA,NA,NA,NA,NA,NA,NA,0,0.22,0,NA,NA,NA,NA,NA,NA,NA,NA,NA,NA,NA,NA,NA,NA,NA,No Data,,
ATF,ATF,French Southern Territories,NA,NA,NA,NA,1.00E+10,7,NA,NA,NA,NA,1.00E+09,7,NA,NA,NA,NA,NA,NA,NA,NA,NA,NA,NA,NA,NA,NA,NA,NA,NA,0,0.22,0.2,NA,NA,NA,NA,NA,NA,NA,NA,NA,NA,NA,NA,NA,NA,NA,NA,NA,NA,NA,NA,0,0.22,0,NA,NA,NA,NA,NA,NA,NA,NA,NA,NA,NA,NA,NA,NA,NA,No Data,,
ATG,ATG,Antigua and Barbuda,0.776,103050,0.245997089,0.0751062,1.00E+10,7,0.24,0.01,0.24,0.01,1.00E+09,7,0.1,0.1,0.1,0.1,0.042,0.729,0,0,0,0.213,0,0,0,NA,0,0.007,0.009,0,0.289237248,0.2,0,0,3,0,0,0,0.1,0.042,0.729,0,0,0,0.213,0,0,0,NA,0,0.007,0.009,0.9,0.289237248,0,0,0,3,0,0,0,0.1,NA,NA,NA,NA,NA,NA,NA,NA,,"Urban sanitation technologies data was not available, so national data was used.","Rural sanitation technologies data was not available, so national data was used."
AUS,AUS,Australia,0.938,24772247,0.860117372,0.065479011,1.00E+10,7,0.08,0.01,0.08,0.01,1.00E+09,7,0.05,0.05,0.05,0.05,0.87,0.13,0,0,0,0,0,0,0,NA,0,0,0,0,1,0.9,0,0,3,0,0,0,0.1,0.87,0.13,0,0,0,0,0,0,0,NA,0,0,0,0,1,0.9,0,0,3,0,0,0,0.1,0.311111111,0.533333333,0.155555556,NA,0.894,0.778666667,0.0894,0.146,,"Urban sanitation technologies data was not available, so national data was used.","Rural sanitation technologies data was not available, so national data was used."
AUT,AUT,Austria,0.914,8751820,0.582972685,0.049760837,1.00E+10,7,0.08,0.01,0.08,0.01,1.00E+09,7,0.05,0.05,0.05,0.05,0.985,0,0,0,0,0,0,0,0,NA,0,0,0.015,0.0079426,0.9836485,0.0079426,0,0,3,0,0,0,0.1,0.997,0,0,0,0,0,0,0,0,NA,0,0,0.003,0.0398666,0.8432809,0.0398666,0,0,3,0,0,0,0.1,0,0.010752688,0.989247312,NA,0.989569892,0.919784946,0.004225806,0.02,,,
AZE,AZE,Azerbaijan,0.754,9923914,0.556801077,0.081406821,1.00E+10,7,0.24,0.01,0.24,0.01,1.00E+09,7,0.1,0.1,0.1,0.1,0,0,0,0,0,1,0,0,0,NA,0,0,0,0.1615892,0.6067679,0.1537024,0,0,3,0,0,0,0.1,0,0,0,0,0,0.92,0,0,0,NA,0,0,0.08,0.9,0.0568499,0,0,0,3,0,0,0,0.1,0.642857143,0.357142857,0,NA,0.821428571,0.642857143,0.164821429,0.280357143,,,
BDI,BDI,Burundi,0.423,11216450,0.130317881,0.172725408,1.00E+10,7,0.24,0.01,0.24,0.01,1.00E+09,7,0.1,0.1,0.1,0.1,0.032,0.275,0.017,0,0.001,0.484,0.183,0.001,0,NA,0.001,0.005,0,0,0.013273025,0.2,0,0,3,0,0,0,0.1,0,0.004,0,0,0,0.483,0.486,0.002,0,NA,0.001,0.024,0,0.9,0.013273025,0,0,0,3,0,0,0,0.1,1,0,0,NA,0.75,0.5,0.2425,0.425,,,
BEL,BEL,Belgium,0.919,11498519,0.980010991,0.054674201,1.00E+10,7,0.08,0.01,0.08,0.01,1.00E+09,7,0.05,0.05,0.05,0.05,0.976,0,0,0,0,0,0,0,0,NA,0,0,0.024,0,1,0.9,0,0,3,0,0,0,0.1,0.98,0,0,0,0,0,0,0,0,NA,0,0,0.02,0,1,0.9,0,0,3,0,0,0,0.1,0,0.121621622,0.878378378,NA,0.985135135,0.917567568,0.006554054,0.02,,,
BEN,BEN,Benin,0.52,11485674,0.473122256,0.157411353,1.00E+10,7,0.24,0.01,0.24,0.01,1.00E+09,7,0.1,0.1,0.1,0.1,0.021,0.1,0.017,0.001,0.001,0.427,0.134,0.008,0,NA,0.013,0.278,0,0,0.032427775,0.2,0,0,3,0,0,0,0.1,0.004,0.004,0.001,0,0.001,0.103,0.077,0.01,0,NA,0.014,0.786,0,0.9,0.030953785,0,0,0,3,0,0,0,0.1,1,0,0,NA,0.75,0.5,0.2425,0.425,,,
BES,BES,"Bonaire, Sint Eustatius and Saba",NA,25702,0.748968952,NA,1.00E+10,7,NA,NA,NA,NA,1.00E+09,7,NA,NA,NA,NA,NA,NA,NA,NA,NA,NA,NA,NA,NA,NA,NA,NA,NA,0,0.22,0.2,0,0,3,0,0,0,0.1,NA,NA,NA,NA,NA,NA,NA,NA,NA,NA,NA,NA,NA,0,0.22,0,0,0,3,0,0,0,0.1,NA,NA,NA,NA,NA,NA,NA,NA,No Data,"Urban sanitation technologies data was not available, so national data was used.","Rural sanitation technologies data was not available, so national data was used."
BFA,BFA,Burkina Faso,0.434,19751651,0.293584065,0.166121409,1.00E+10,7,0.24,0.01,0.24,0.01,1.00E+09,7,0.1,0.1,0.1,0.1,0.031,0.041,0.016,0.001,0.008,0.797,0.032,0.004,0,NA,0,0.07,0,0,0.015082075,0.2,0,0,3,0,0,0,0.1,0,0,0,0,0,0.273,0.111,0.001,0,NA,0,0.617,0,0.9,0.014610761,0,0,0,3,0,0,0,0.1,NA,NA,NA,NA,NA,NA,NA,NA,,,
BGD,BGD,Bangladesh,0.614,166368149,0.366321591,0.087001231,1.00E+10,7,0.24,0.01,0.24,0.01,1.00E+09,7,0.1,0.1,0.1,0.1,0,0,0,0,0,0.861,0,0,0,NA,0,0.011,0.128,0,0.070320846,0.2,0,0,3,0,0,0,0.1,0,0,0,0,0,0.659,0,0,0,NA,0,0.04,0.302,0.3228791,0.0005147,0,0,0,3,0,0,0,0.1,1,0,0,NA,0.75,0.5,0.2425,0.425,,,
BGR,BGR,Bulgaria,0.816,7036848,0.75008086,0.045007192,1.00E+10,7,0.08,0.01,0.08,0.01,1.00E+09,7,0.05,0.05,0.05,0.05,0.48,0,0,0,0,0,0,0,0,NA,0,0,0.02,0.0284207,0.6768018,0.0237189,0,0,3,0,0,0,0.1,0.288,0,0,0,0,0,0,0,0,NA,0,0,0.212,0,0.2103158,0.9,0,0,3,0,0,0,0.1,0,0.977777778,0.022222222,NA,0.950888889,0.900444444,0.024533333,0.02,Error (check),,
BHR,BHR,Bahrain,0.838,1566993,0.892873165,0.063502045,1.00E+10,7,0.08,0.01,0.08,0.01,1.00E+09,7,0.05,0.05,0.05,0.05,0.92,0.08,0,0,0,0,0,0,0,NA,0,0,0,0,0.496943471,0.9,0,0,3,0,0,0,0.1,0.92,0.08,0,0,0,0,0,0,0,NA,0,0,0,0,0.496943471,0.9,0,0,3,0,0,0,0.1,0.397727273,0.5,0.102272727,NA,0.874545455,0.742954545,0.109357955,0.181079545,,"Urban sanitation technologies data was not available, so national data was used.","Rural sanitation technologies data was not available, so national data was used."
BHS,BHS,Bahamas,0.805,399285,0.83024907,0.06882171,1.00E+10,7,0.08,0.01,0.08,0.01,1.00E+09,7,0.05,0.05,0.05,0.05,NA,NA,NA,NA,NA,NA,NA,NA,NA,NA,NA,NA,NA,0,0.372561744,0.9,0,0,3,0,0,0,0.1,NA,NA,NA,NA,NA,NA,NA,NA,NA,NA,NA,NA,NA,0,0.372561744,0.9,0,0,3,0,0,0,0.1,1,0,0,NA,0.75,0.5,0.2425,0.425,No Data,"Urban sanitation technologies data was not available, so national data was used.","Rural sanitation technologies data was not available, so national data was used."
BIH,BIH,Bosnia and Herzegovina,0.769,3503554,0.482451533,0.040616127,1.00E+10,7,0.24,0.01,0.24,0.01,1.00E+09,7,0.1,0.1,0.1,0.1,0.833,0.153,0,0.005,0,0.006,0.001,0,0,NA,0,0,0.002,0.0390956,0.07075064,0.0033036,0,0,3,0,0,0,0.1,0.299,0.58,0.003,0.054,0.002,0.043,0.018,0,0,NA,0,0,0.001,0.9,0.028925694,0,0,0,3,0,0,0,0.1,0.5,0.5,0,NA,0.85,0.7,0.13375,0.2225,,,
BLM,BLM,Saint-Barthélemy,NA,NA,NA,NA,1.00E+10,7,NA,NA,NA,NA,1.00E+09,7,NA,NA,NA,NA,NA,NA,NA,NA,NA,NA,NA,NA,NA,NA,NA,NA,NA,0,0.22,0.2,NA,NA,NA,NA,NA,NA,NA,NA,NA,NA,NA,NA,NA,NA,NA,NA,NA,NA,NA,NA,0,0.22,0,NA,NA,NA,NA,NA,NA,NA,NA,NA,NA,NA,NA,NA,NA,NA,No Data,,
BLR,BLR,Belarus,0.817,9452113,0.785948179,0.05800639,1.00E+10,7,0.08,0.01,0.08,0.01,1.00E+09,7,0.05,0.05,0.05,0.05,0.973,0,0,0,0,0,0,0,0,NA,0,0,0.027,0.0059193,0.8058489,0.0049765,0,0,3,0,0,0,0.1,0.777,0,0,0,0,0,0,0,0,NA,0,0,0.223,0.0877834,0.6021684,0.0738019,0,0,3,0,0,0,0.1,0,0.814814815,0.185185185,NA,0.957407407,0.903703704,0.021111111,0.02,,,
BLZ,BLZ,Belize,0.72,382444,0.457246028,0.099205022,1.00E+10,7,0.24,0.01,0.24,0.01,1.00E+09,7,0.1,0.1,0.1,0.1,0.193,0.681,0.002,0.002,0.002,0.091,0.02,0,0.001,NA,0.002,0.003,0.004,0,0.179236229,0.2,0,0,3,0,0,0,0.1,0.008,0.515,0.019,0.001,0,0.365,0.069,0.001,0.002,NA,0,0.016,0.004,0.9,0.199572647,0,0,0,3,0,0,0,0.1,0.727272727,0.272727273,0,NA,0.804545455,0.609090909,0.183181818,0.314545455,,,
BMU,BMU,Bermuda,NA,61070,1,NA,1.00E+10,7,NA,NA,NA,NA,1.00E+09,7,NA,NA,NA,NA,0,0,0,0,0,0.998,0,0,0,NA,0,0,0.002,0,0.015,0.2,0,0,3,0,0,0,0.1,0,0,0,0,0,0.998,0,0,0,NA,0,0,0.002,0,0.22,0,0,0,3,0,0,0,0.1,NA,NA,NA,NA,NA,NA,NA,NA,,,"Rural sanitation technologies data was not available, so national data was used."
BOL,BOL,Bolivia,0.703,11215674,0.694250564,0.101558816,1.00E+10,7,0.24,0.01,0.24,0.01,1.00E+09,7,0.1,0.1,0.1,0.1,0.609,0.174,0.0895,0.0025,0.0035,0.065,0.0185,0.0015,0,NA,0,0.037,0,0.0744346,0.151116009,0.0218168,0,0,3,0,0,0,0.1,0.0525,0.0835,0.2465,0.005,0.0045,0.126,0.071,0.012,0,NA,0,0.3995,0,0.9,0.014364814,0,0,0,3,0,0,0,0.1,0.75,0.25,0,NA,0.8,0.6,0.188125,0.32375,,,
BRA,BRA,Brazil,0.761,210867954,0.865690853,0.068099046,1.00E+10,7,0.24,0.01,0.24,0.01,1.00E+09,7,0.1,0.1,0.1,0.1,0.735,0,0,0.007,0.002,0.243,0.008,0,0,NA,0,0.001,0.004,0.0566634,0.431300573,0.0320554,0,0,3,0,0,0,0.1,0.069,0,0,0.021,0.005,0.721,0.053,0,0,NA,0,0.052,0.079,0.9,0.061943348,0,0,0,3,0,0,0,0.1,0.785714286,0.214285714,0,NA,0.792857143,0.585714286,0.195892857,0.338214286,,,
BRB,BRB,Barbados,0.813,286388,0.311469056,0.052614912,1.00E+10,7,0.08,0.01,0.08,0.01,1.00E+09,7,0.05,0.05,0.05,0.05,0.016,0.058,0.885,0,0,0.036,0,0,0,NA,0,0,0.005,0,0.399509993,0.9,0,0,3,0,0,0,0.1,0.016,0.058,0.885,0,0,0.036,0,0,0,NA,0,0,0.005,0,0.399509993,0.9,0,0,3,0,0,0,0.1,0.5,0.5,0,NA,0.85,0.7,0.13375,0.2225,,"Urban sanitation technologies data was not available, so national data was used.","Rural sanitation technologies data was not available, so national data was used."
BRN,BRN,Brunei,0.845,434076,0.776292631,0.072395956,1.00E+10,7,0.08,0.01,0.08,0.01,1.00E+09,7,0.05,0.05,0.05,0.05,0.952,0,0,0,0,0.017,0,0,0,NA,0,0.031,0,0,0.528256932,0.9,0,0,3,0,0,0,0.1,0.956,0,0,0,0,0.035,0,0,0,NA,0,0.009,0,0,0.528256932,0.9,0,0,3,0,0,0,0.1,NA,NA,NA,NA,NA,NA,NA,NA,,,
BTN,BTN,Bhutan,0.617,817054,0.40895461,0.082755323,1.00E+10,7,0.24,0.01,0.24,0.01,1.00E+09,7,0.1,0.1,0.1,0.1,0.272,0.575,0.038,0.0095,0.001,0.0535,0.039,0.0005,0.0035,NA,0.0025,0.0015,0.004,0,0.074707998,0.2,0,0,3,0,0,0,0.1,0.046,0.277,0.084,0.0225,0.0005,0.234,0.253,0.0135,0.0065,NA,0.028,0.011,0.023,0.9,0.107495515,0,0,0,3,0,0,0,0.1,1,0,0,NA,0.75,0.5,0.2425,0.425,,,
BVT,BVT,Bouvet Island,NA,NA,NA,NA,1.00E+10,7,NA,NA,NA,NA,1.00E+09,7,NA,NA,NA,NA,NA,NA,NA,NA,NA,NA,NA,NA,NA,NA,NA,NA,NA,0,0.22,0.2,NA,NA,NA,NA,NA,NA,NA,NA,NA,NA,NA,NA,NA,NA,NA,NA,NA,NA,NA,NA,0,0.22,0,NA,NA,NA,NA,NA,NA,NA,NA,NA,NA,NA,NA,NA,NA,NA,No Data,,
BWA,BWA,Botswana,0.728,2333201,0.694464815,0.115569021,1.00E+10,7,0.24,0.01,0.24,0.01,1.00E+09,7,0.1,0.1,0.1,0.1,NA,NA,NA,NA,NA,NA,NA,NA,NA,NA,NA,NA,NA,0,0.190229508,0.2,0,0,3,0,0,0,0.1,NA,NA,NA,NA,NA,NA,NA,NA,NA,NA,NA,NA,NA,0.9,0.190229508,0,0,0,3,0,0,0,0.1,1,0,0,NA,0.75,0.5,0.2425,0.425,No Data,"Urban sanitation technologies data was not available, so national data was used.","Rural sanitation technologies data was not available, so national data was used."
CAF,CAF,Central African Republic,0.381,4737423,0.413639863,0.152852603,1.00E+10,7,0.24,0.01,0.24,0.01,1.00E+09,7,0.1,0.1,0.1,0.1,0.001,0.003,0.008,0.002,0,0.111,0.183,0.001,0,NA,0.004,0.066,0.62,0,0.027597,0.2,0,0,3,0,0,0,0.1,0,0,0.003,0,0,0.009,0.466,0.004,0,NA,0.002,0.393,0.122,0.9,0.009199,0,0,0,3,0,0,0,0.1,NA,NA,NA,NA,NA,NA,NA,NA,,,
CAN,CAN,Canada,0.922,36953765,0.814111796,0.05280917,1.00E+10,7,0.08,0.01,0.08,0.01,1.00E+09,7,0.05,0.05,0.05,0.05,0.877,0.057,0.006,0,0.055,0,0,0,0,NA,0,0,0.004,0.0044527,0.7225027,0.0975245,0,0,3,0,0,0,0.1,0.585,0.377,0.009,0,0.017,0,0,0,0,NA,0,0,0.012,0.0257256,0.4815399,0.3101584,0,0,3,0,0,0,0.1,0.188235294,0.635294118,0.176470588,NA,0.919411765,0.828235294,0.062235294,0.096235294,,,
CCK,CCK,Cocos Islands,NA,NA,NA,NA,1.00E+10,7,NA,NA,NA,NA,1.00E+09,7,NA,NA,NA,NA,NA,NA,NA,NA,NA,NA,NA,NA,NA,NA,NA,NA,NA,0,0.22,0.2,NA,NA,NA,NA,NA,NA,NA,NA,NA,NA,NA,NA,NA,NA,NA,NA,NA,NA,NA,NA,0,0.22,0,NA,NA,NA,NA,NA,NA,NA,NA,NA,NA,NA,NA,NA,NA,NA,No Data,,
CHE,CHE,Switzerland,0.946,8544034,0.737973655,0.052206695,1.00E+10,7,0.08,0.01,0.08,0.01,1.00E+09,7,0.05,0.05,0.05,0.05,0.998,0,0,0,0,0,0,0,0,NA,0,0,0.002,0,0.998999,0,0,0,3,0,0,0,0.1,0.999,0,0,0,0,0,0,0,0,NA,0,0,0.001,0.02912,0.9270164,0.02912,0,0,3,0,0,0,0.1,0,0.204081633,0.795918367,NA,0.981836735,0.915918367,0.008285714,0.02,,,
CHL,CHL,Chile,0.847,18197209,0.875640545,0.060797776,1.00E+10,7,0.08,0.01,0.08,0.01,1.00E+09,7,0.05,0.05,0.05,0.05,0.973,0.019,0.003,0,0,0.002,0,0,0,NA,0,0.003,0,0.0046999,0.8051086,0.0038564,0,0,3,0,0,0,0.1,0.167,0.627,0.084,0.001,0,0.11,0,0,0,NA,0,0.012,0,0,0.167509983,0.9,0,0,3,0,0,0,0.1,0.255813953,0.046511628,0.697674419,NA,0.926744186,0.811627907,0.065988372,0.123604651,,,
CHN,CHN,China,0.758,1415045928,0.59151585,0.058313799,1.00E+10,7,0.24,0.01,0.24,0.01,1.00E+09,7,0.1,0.1,0.1,0.1,0.859,0.033,0.001,0,0,0.069,0,0.006,0.009,NA,0,0.002,0.02,0.0996447,0.6768327,0.0604821,0,0,3,0,0,0,0.1,0.111,0.055,0.014,0,0,0.715,0,0.034,0.014,NA,0,0.02,0.035,0.23322,0.3274863,0,0,0,3,0,0,0,0.1,0.807692308,0.192307692,0,NA,0.788461538,0.576923077,0.200673077,0.347115385,,,
CIV,CIV,C√¥te d'Ivoire,0.516,24905843,0.507785261,0.156613729,1.00E+10,7,0.24,0.01,0.24,0.01,1.00E+09,7,0.1,0.1,0.1,0.1,0.073,0.257,0.036,0.006,0.011,0.365,0.112,0.006,0,NA,0.003,0.125,0.007,0,0.032348437,0.2,0,0,3,0,0,0,0.1,0.004,0.018,0.002,0.003,0.005,0.282,0.218,0.025,0.001,NA,0.002,0.433,0.008,0.9,0.052310288,0,0,0,3,0,0,0,0.1,1,0,0,NA,0.75,0.5,0.2425,0.425,,,
CMR,CMR,Cameroon,0.563,24678234,0.563740987,0.155041215,1.00E+10,7,0.24,0.01,0.24,0.01,1.00E+09,7,0.1,0.1,0.1,0.1,0.003,0.224,0.008,0,0,0.601,0.151,0,0.001,NA,0,0.01,0.001,0,0.04505409,0.2,0,0,3,0,0,0,0.1,0,0.008,0.001,0,0,0.224,0.629,0.001,0,NA,0.005,0.13,0.002,0.9,0.04505409,0,0,0,3,0,0,0,0.1,NA,NA,NA,NA,NA,NA,NA,NA,,,
COD,COD,Democratic Republic of the Congo,0.459,84004989,0.44460382,0.176721649,1.00E+10,7,0.24,0.01,0.24,0.01,1.00E+09,7,0.1,0.1,0.1,0.1,0.008,0.126,0.021,0.001,0.001,0.408,0.393,0,0.006,NA,0,0.039,0.001,0,0.020445827,0.2,0,0,3,0,0,0,0.1,0,0.002,0,0,0,0.331,0.49,0,0,NA,0,0.177,0,0.9,0.018174069,0,0,0,3,0,0,0,0.1,NA,NA,NA,NA,NA,NA,NA,NA,,,
COG,COG,Republic of Congo,0.609,5399895,0.66916116,0.148957103,1.00E+10,7,0.24,0.01,0.24,0.01,1.00E+09,7,0.1,0.1,0.1,0.1,0,0.237,0.028,0.002,0.001,0.469,0.209,0.026,0.005,NA,0.003,0.017,0.001,0,0,0.2,0,0,3,0,0,0,0.1,0,0.005,0.001,0,0,0.146,0.588,0.002,0.001,NA,0.018,0.234,0.004,0.9,0.067317537,0,0,0,3,0,0,0,0.1,NA,NA,NA,NA,NA,NA,NA,NA,,,
COK,COK,Cook Islands,NA,17411,0.750502556,NA,1.00E+10,7,NA,NA,NA,NA,1.00E+09,7,NA,NA,NA,NA,NA,NA,NA,NA,NA,NA,NA,NA,NA,NA,NA,NA,NA,0,0.22,0.2,0,0,3,0,0,0,0.1,NA,NA,NA,NA,NA,NA,NA,NA,NA,NA,NA,NA,NA,0,0.22,0,0,0,3,0,0,0,0.1,NA,NA,NA,NA,NA,NA,NA,NA,No Data,"Urban sanitation technologies data was not available, so national data was used.","Rural sanitation technologies data was not available, so national data was used."
COL,COL,Colombia,0.761,49464683,0.807776591,0.072926271,1.00E+10,7,0.24,0.01,0.24,0.01,1.00E+09,7,0.1,0.1,0.1,0.1,0.937,0.041,0,0.014,0,0,0,0,0,NA,0.004,0.005,0,0.0142751,0.143870467,0.0023083,0,0,3,0,0,0,0.1,0.123,0.612,0,0.118,0,0.012,0,0,0,NA,0.006,0.13,0,0.9,0.041744335,0,0,0,3,0,0,0,0.1,0.849315068,0.150684932,0,NA,0.780136986,0.560273973,0.209726027,0.363972603,,,
COM,COM,Comoros,0.538,832347,0.289653234,0.142029335,1.00E+10,7,0.24,0.01,0.24,0.01,1.00E+09,7,0.1,0.1,0.1,0.1,0.074,0.079,0.039,0.004,0.002,0.322,0.431,0.014,0,NA,0.031,0.004,0,0,0.038178404,0.2,0,0,3,0,0,0,0.1,0.035,0.031,0.01,0.005,0.006,0.219,0.62,0.015,0.001,NA,0.054,0.006,0,0.9,0.041394899,0,0,0,3,0,0,0,0.1,NA,NA,NA,NA,NA,NA,NA,NA,,,
CPV,CPV,Cape Verde,0.651,553335,0.657314285,0.093404894,1.00E+10,7,0.24,0.01,0.24,0.01,1.00E+09,7,0.1,0.1,0.1,0.1,0.316,0.491,0,0,0,0.001,0,0,0,NA,0,0.192,0,0,0.097130922,0.2,0,0,3,0,0,0,0.1,0.017,0.526,0,0.002,0,0.004,0,0,0,NA,0,0.449,0.002,0.9,0.108558089,0,0,0,3,0,0,0,0.1,1,0,0,NA,0.75,0.5,0.2425,0.425,,,
CRI,CRI,Costa Rica,0.794,4953199,0.793395339,0.068314529,1.00E+10,7,0.24,0.01,0.24,0.01,1.00E+09,7,0.1,0.1,0.1,0.1,0.291,0.67,0.029,0,0,0.005,0,0,0,NA,0,0.003,0.002,0,0.1261448,0.2,0,0,3,0,0,0,0.1,0.063,0.883,0.015,0,0,0.031,0,0,0,NA,0,0.007,0,0.9,0.0272248,0,0,0,3,0,0,0,0.1,1,0,0,NA,0.75,0.5,0.2425,0.425,,,
CUB,CUB,Cuba,0.778,11489082,0.770367641,0.050437218,1.00E+10,7,0.24,0.01,0.24,0.01,1.00E+09,7,0.1,0.1,0.1,0.1,0.588,0.254,0.054,0.034,0.002,0.064,0,0,0.001,NA,0,0.002,0.001,0.1153296,0.267603018,0.0503882,0,0,3,0,0,0,0.1,0.14,0.298,0.263,0.021,0,0.253,0,0.003,0,NA,0.002,0.01,0.011,0.9,0.074940785,0,0,0,3,0,0,0,0.1,0.791666667,0.208333333,0,NA,0.791666667,0.583333333,0.1971875,0.340625,,,
CUW,CUW,Cura√ßao,NA,161577,0.891444946,0.054820232,1.00E+10,7,NA,NA,NA,NA,1.00E+09,7,NA,NA,NA,NA,0.186,0.802,0,0,0,0,0,0,0,NA,0,0.004,0.008,0,0.22,0.2,0,0,3,0,0,0,0.1,0.186,0.802,0,0,0,0,0,0,0,NA,0,0.004,0.008,0,0.22,0,0,0,3,0,0,0,0.1,NA,NA,NA,NA,NA,NA,NA,NA,,"Urban sanitation technologies data was not available, so national data was used.","Rural sanitation technologies data was not available, so national data was used."
CXR,CXR,Christmas Island,NA,NA,NA,NA,1.00E+10,7,NA,NA,NA,NA,1.00E+09,7,NA,NA,NA,NA,NA,NA,NA,NA,NA,NA,NA,NA,NA,NA,NA,NA,NA,0,0.22,0.2,NA,NA,NA,NA,NA,NA,NA,NA,NA,NA,NA,NA,NA,NA,NA,NA,NA,NA,NA,NA,0,0.22,0,NA,NA,NA,NA,NA,NA,NA,NA,NA,NA,NA,NA,NA,NA,NA,No Data,,
CYM,CYM,Cayman Islands,NA,62348,1,NA,1.00E+10,7,NA,NA,NA,NA,1.00E+09,7,NA,NA,NA,NA,0.14,0.676,0.132,0,0,0.001,0,0,0,NA,0,0,0.051,0,0.22,0.2,0,0,3,0,0,0,0.1,0.14,0.676,0.132,0,0,0.001,0,0,0,NA,0,0,0.051,0,0.22,0,0,0,3,0,0,0,0.1,NA,NA,NA,NA,NA,NA,NA,NA,,,"Rural sanitation technologies data was not available, so national data was used."
CYP,CYP,Cyprus,0.873,1189085,0.668104467,0.053684855,1.00E+10,7,0.08,0.01,0.08,0.01,1.00E+09,7,0.05,0.05,0.05,0.05,0.995,0,0,0,0,0,0,0,0,NA,0,0,0.005,0.0663314,0.73,0.0663314,0,0,3,0,0,0,0.1,0.981,0,0,0,0,0,0,0,0,NA,0,0,0.019,0,0.09,0.9,0,0,3,0,0,0,0.1,0,0.466666667,0.533333333,NA,0.971333333,0.910666667,0.0138,0.02,,,
CZE,CZE,Czech Republic,0.891,10625250,0.737919578,0.052181431,1.00E+10,7,0.08,0.01,0.08,0.01,1.00E+09,7,0.05,0.05,0.05,0.05,0.996,0,0,0,0,0,0,0,0,NA,0,0,0.004,0.0104047,0.9572359,0.0104047,0,0,3,0,0,0,0.1,0.991,0,0,0,0,0,0,0,0,NA,0,0,0.009,0.0864167,0.6781314,0.0864167,0,0,3,0,0,0,0.1,0,0.118421053,0.881578947,NA,0.985263158,0.917631579,0.006486842,0.02,,,
DEU,DEU,Germany,0.939,82293457,0.773115486,0.048442205,1.00E+10,7,0.08,0.01,0.08,0.01,1.00E+09,7,0.05,0.05,0.05,0.05,0.971,0.022,0.005,0,0.002,0,0,0,0,NA,0,0,0,0.0007447,0.9869757,0.0007425,0,0,3,0,0,0,0.1,0.971,0.022,0.005,0,0.002,0,0,0,0,NA,0,0,0,0.0348645,0.8478995,0.0347595,0,0,3,0,0,0,0.1,0,0.03125,0.96875,NA,0.98875,0.919375,0.00465625,0.02,,"Urban sanitation technologies data was not available, so national data was used.","Rural sanitation technologies data was not available, so national data was used."
DJI,DJI,Djibouti,0.495,971408,0.777771029,0.100366194,1.00E+10,7,0.24,0.01,0.24,0.01,1.00E+09,7,0.1,0.1,0.1,0.1,0,0,0,0,0,0.955,0,0,0,NA,0,0.046,0.002,0.3848224,0.029974,0,0,0,3,0,0,0,0.1,0,0,0,0,0,0.306,0,0,0,NA,0,0.694,0.003,0.1893489,0,0,0,0,3,0,0,0,0.1,1,0,0,NA,0.75,0.5,0.2425,0.425,,,
DMA,DMA,Dominica,0.724,74308,0.704836626,NA,1.00E+10,7,0.24,0.01,0.24,0.01,1.00E+09,7,0.1,0.1,0.1,0.1,NA,NA,NA,NA,NA,NA,NA,NA,NA,NA,NA,NA,NA,0,0.183701706,0.2,0,0,3,0,0,0,0.1,NA,NA,NA,NA,NA,NA,NA,NA,NA,NA,NA,NA,NA,0.9,0.183701706,0,0,0,3,0,0,0,0.1,1,0,0,NA,0.75,0.5,0.2425,0.425,No Data,"Urban sanitation technologies data was not available, so national data was used.","Rural sanitation technologies data was not available, so national data was used."
DNK,DNK,Denmark,0.93,5754356,0.878740731,0.053277829,1.00E+10,7,0.08,0.01,0.08,0.01,1.00E+09,7,0.05,0.05,0.05,0.05,0.991,0,0,0,0,0,0,0,0,NA,0,0,0.009,0,1,0.9,0,0,3,0,0,0,0.1,0.999,0,0,0,0,0,0,0,0,NA,0,0,0.001,0,1,0.9,0,0,3,0,0,0,0.1,0.022222222,0.022222222,0.955555556,NA,0.983777778,0.910222222,0.009766667,0.029,,,
DOM,DOM,Dominican Republic,0.745,10882996,0.810742097,0.092444494,1.00E+10,7,0.24,0.01,0.24,0.01,1.00E+09,7,0.1,0.1,0.1,0.1,0.278,0.555,0.042,0.017,0.016,0.073,0,0,0.001,NA,0,0.012,0.007,0,0.058440243,0.2,0,0,3,0,0,0,0.1,0.054,0.416,0.117,0.004,0.004,0.345,0,0,0.001,NA,0,0.054,0.007,0.9,0.010019393,0,0,0,3,0,0,0,0.1,0.8,0.2,0,NA,0.79,0.58,0.199,0.344,,,
DZA,DZA,Algeria,0.759,42008054,0.726289678,0.11496917,1.00E+10,7,0.24,0.01,0.24,0.01,1.00E+09,7,0.1,0.1,0.1,0.1,0.906,0.038,0.002,0.002,0.002,0.023,0.004,0.003,0,NA,0.001,0.001,0.018,0.0118449,0.151260272,0.0020761,0,0,3,0,0,0,0.1,0.582,0.217,0.016,0.006,0.012,0.089,0.025,0.002,0.001,NA,0.002,0.034,0.015,0.0989238,0.092562414,0.0173386,0,0,3,0,0,0,0.1,0.839285714,0.160714286,0,NA,0.782142857,0.564285714,0.207544643,0.359910714,,,
ECU,ECU,Ecuador,0.758,16863425,0.638207837,0.094489675,1.00E+10,7,0.24,0.01,0.24,0.01,1.00E+09,7,0.1,0.1,0.1,0.1,0.793,0.176,0.022,0,0,0.003,0,0,0,NA,0,0.006,0,0.1080988,0.2210846,0.0045029,0,0,3,0,0,0,0.1,0.28,0.433,0.142,0,0,0.048,0,0,0,NA,0,0.097,0,0.5020073,0.0695575,0,0,0,3,0,0,0,0.1,0.928571429,0.071428571,0,NA,0.764285714,0.528571429,0.226964286,0.396071429,,,
EGY,EGY,Egypt,0.7,99375741,0.427041133,0.124075693,1.00E+10,7,0.24,0.01,0.24,0.01,1.00E+09,7,0.1,0.1,0.1,0.1,0.898,0.074,0,0.003,0.025,0,0,0,0,NA,0,0.001,0,0.0090902,0.693720535,0.0066393,0,0,3,0,0,0,0.1,0.279,0.528,0,0.004,0.185,0,0,0,0,NA,0,0.002,0,0.9,0.331062225,0,0,0,3,0,0,0,0.1,0.903225806,0.096774194,0,NA,0.769354839,0.538709677,0.221451613,0.385806452,,,
ERI,ERI,Eritrea,0.434,5187948,0.400797001,0.139596839,1.00E+10,7,0.24,0.01,0.24,0.01,1.00E+09,7,0.1,0.1,0.1,0.1,0.101,0.117,0.021,0,0,0.103,0,0,0,NA,0,0.342,0.316,0,0.014610761,0.2,0,0,3,0,0,0,0.1,0,0.011,0.006,0,0,0.055,0,0,0,NA,0,0.902,0.026,0.9,0.014610761,0,0,0,3,0,0,0,0.1,NA,NA,NA,NA,NA,NA,NA,NA,,,
ESH,ESH,Western Sahara,NA,567421,0.866857237,0.094537358,1.00E+10,7,NA,NA,NA,NA,1.00E+09,7,NA,NA,NA,NA,NA,NA,NA,NA,NA,NA,NA,NA,NA,NA,NA,NA,NA,0,0.22,0.2,0,0,3,0,0,0,0.1,NA,NA,NA,NA,NA,NA,NA,NA,NA,NA,NA,NA,NA,0,0.22,0,0,0,3,0,0,0,0.1,0.684210526,0.315789474,0,NA,0.813157895,0.626315789,0.173815789,0.297105263,No Data,"Urban sanitation technologies data was not available, so national data was used.","Rural sanitation technologies data was not available, so national data was used."
ESP,ESP,Spain,0.893,46397452,0.803213763,0.042564544,1.00E+10,7,0.08,0.01,0.08,0.01,1.00E+09,7,0.05,0.05,0.05,0.05,0.999,0,0,0,0,0,0,0,0,NA,0,0,0.001,0,0.9659714,0,0,0,3,0,0,0,0.1,0.999,0,0,0,0,0,0,0,0,NA,0,0,0.001,0,0.967128,0,0,0,3,0,0,0,0.1,0.021052632,0.347368421,0.631578947,NA,0.971052632,0.904210526,0.016315789,0.028526316,,,
EST,EST,Estonia,0.882,1306788,0.688801091,0.052147732,1.00E+10,7,0.08,0.01,0.08,0.01,1.00E+09,7,0.05,0.05,0.05,0.05,0.99,0,0,0,0,0,0,0,0,NA,0,0,0.01,0,0.9871257,0,0,0,3,0,0,0,0.1,0.831,0,0,0,0,0,0,0,0,NA,0,0,0.169,0.1478791,0.6486427,0.1473877,0,0,3,0,0,0,0.1,0.0125,0.175,0.8125,NA,0.98,0.91125,0.01065625,0.0250625,,,
ETH,ETH,Ethiopia,0.47,107534882,0.207632803,0.146059157,1.00E+10,7,0.24,0.01,0.24,0.01,1.00E+09,7,0.1,0.1,0.1,0.1,0.023,0.063,0.026,0.002,0.002,0.304,0.524,0.008,0.001,NA,0,0.042,0.005,0,0.021745392,0.2,0,0,3,0,0,0,0.1,0,0,0,0,0,0.031,0.639,0.009,0,NA,0,0.318,0.001,0.0355281,0.0026182,0,0,0,3,0,0,0,0.1,1,0,0,NA,0.75,0.5,0.2425,0.425,,,
FIN,FIN,Finland,0.925,5542517,0.853817859,0.047671078,1.00E+10,7,0.08,0.01,0.08,0.01,1.00E+09,7,0.05,0.05,0.05,0.05,0.997,0,0,0,0,0,0,0,0,NA,0,0,0.003,0.0174182,0.9578317,0.0174182,0,0,3,0,0,0,0.1,0.992,0,0,0,0,0,0,0,0,NA,0,0,0.008,0,0.1957672,0.9,0,0,3,0,0,0,0.1,0,0,1,NA,0.99,0.92,0.004,0.02,,,
FJI,FJI,Fiji,0.724,912241,0.562478556,0.099716212,1.00E+10,7,0.24,0.01,0.24,0.01,1.00E+09,7,0.1,0.1,0.1,0.1,NA,NA,NA,NA,NA,NA,NA,NA,NA,NA,NA,NA,NA,0,0.183701706,0.2,0,0,3,0,0,0,0.1,NA,NA,NA,NA,NA,NA,NA,NA,NA,NA,NA,NA,NA,0.9,0.183701706,0,0,0,3,0,0,0,0.1,1,0,0,NA,0.75,0.5,0.2425,0.425,No Data,"Urban sanitation technologies data was not available, so national data was used.","Rural sanitation technologies data was not available, so national data was used."
FLK,FLK,Falkland Islands,NA,2922,0.77652293,NA,1.00E+10,7,NA,NA,NA,NA,1.00E+09,7,NA,NA,NA,NA,1,0,0,0,0,0,0,0,0,NA,0,0,0,0,0.22,0.2,0,0,3,0,0,0,0.1,1,0,0,0,0,0,0,0,0,NA,0,0,0,0,0.22,0,0,0,3,0,0,0,0.1,0.769230769,0.230769231,0,NA,0.796153846,0.592307692,0.192307692,0.331538462,,,
FRA,FRA,France,0.891,65233271,0.804441724,0.055458744,1.00E+10,7,0.08,0.01,0.08,0.01,1.00E+09,7,0.05,0.05,0.05,0.05,0.996,0,0,0,0,0,0,0,0,NA,0,0,0.004,0,0.789294713,0.9,0,0,3,0,0,0,0.1,0.995,0,0,0,0,0,0,0,0,NA,0,0,0.005,0,0.789294713,0.9,0,0,3,0,0,0,0.1,0.012195122,0.585365854,0.402439024,NA,0.963658537,0.903170732,0.01920122,0.024939024,,,
FRO,FRO,Faroe Islands,NA,49489,0.42063893,NA,1.00E+10,7,NA,NA,NA,NA,1.00E+09,7,NA,NA,NA,NA,NA,NA,NA,NA,NA,NA,NA,NA,NA,NA,NA,NA,NA,0,0.22,0.2,0,0,3,0,0,0,0.1,NA,NA,NA,NA,NA,NA,NA,NA,NA,NA,NA,NA,NA,0,0.22,0,0,0,3,0,0,0,0.1,0.101123596,0.617977528,0.280898876,NA,0.941011236,0.865168539,0.041095506,0.060955056,No Data,"Urban sanitation technologies data was not available, so national data was used.","Rural sanitation technologies data was not available, so national data was used."
FSM,FSM,Micronesia,0.614,106227,0.227032675,0.106632702,1.00E+10,7,0.24,0.01,0.24,0.01,1.00E+09,7,0.1,0.1,0.1,0.1,0.123,0.317,0,0,0,0,0,0,0,NA,0,0,0.56,0,0.070320846,0.2,0,0,3,0,0,0,0.1,0.123,0.317,0,0,0,0,0,0,0,NA,0,0,0.56,0.9,0.070320846,0,0,0,3,0,0,0,0.1,NA,NA,NA,NA,NA,NA,NA,NA,,"Urban sanitation technologies data was not available, so national data was used.","Rural sanitation technologies data was not available, so national data was used."
GAB,GAB,Gabon,0.702,2067561,0.893698421,0.143942117,1.00E+10,7,0.24,0.01,0.24,0.01,1.00E+09,7,0.1,0.1,0.1,0.1,0.38,0,0,0,0,0.329,0.223,0,0,NA,0.039,0.019,0.011,0,0.151602851,0.2,0,0,3,0,0,0,0.1,0.071,0,0,0,0,0.115,0.624,0,0,NA,0.14,0.048,0.001,0.9,0.151602851,0,0,0,3,0,0,0,0.1,NA,NA,NA,NA,NA,NA,NA,NA,,,
GBR,GBR,United Kingdom,0.92,66573504,0.833983832,0.057810002,1.00E+10,7,0.08,0.01,0.08,0.01,1.00E+09,7,0.05,0.05,0.05,0.05,0.996,0,0,0,0,0,0,0,0,NA,0,0,0.004,0.000434,0.988752,0.000434,0,0,3,0,0,0,0.1,0.993,0,0,0,0,0,0,0,0,NA,0,0,0.007,0.0404621,0.8370647,0.0404621,0,0,3,0,0,0,0.1,0,0.510204082,0.489795918,NA,0.969591837,0.909795918,0.014714286,0.02,,,
GEO,GEO,Georgia,0.786,3907131,0.586321779,0.067268295,1.00E+10,7,0.24,0.01,0.24,0.01,1.00E+09,7,0.1,0.1,0.1,0.1,0.872,0,0,0.021,0,0.107,0,0,0,NA,0,0,0,0.0549422,0.099679589,0.0063738,0,0,3,0,0,0,0.1,0.071,0,0,0.139,0,0.789,0,0,0,NA,0,0,0,0.9,0.016743211,0,0,0,3,0,0,0,0.1,0.810810811,0.189189189,0,NA,0.787837838,0.575675676,0.201351351,0.348378378,,,
GGY,GGY,Guernsey,NA,NA,NA,NA,1.00E+10,7,NA,NA,NA,NA,1.00E+09,7,NA,NA,NA,NA,NA,NA,NA,NA,NA,NA,NA,NA,NA,NA,NA,NA,NA,0,0.22,0.2,NA,NA,NA,NA,NA,NA,NA,NA,NA,NA,NA,NA,NA,NA,NA,NA,NA,NA,NA,NA,0,0.22,0,NA,NA,NA,NA,NA,NA,NA,NA,NA,NA,NA,NA,NA,NA,NA,No Data,,
GHA,GHA,Ghana,0.596,29463643,0.560596665,0.134182196,1.00E+10,7,0.24,0.01,0.24,0.01,1.00E+09,7,0.1,0.1,0.1,0.1,0.036,0.2815,0.0205,0.003,0.001,0.4715,0.106,0.001,0.002,NA,0,0.0745,0.0035,0,0.065103609,0.2,0,0,3,0,0,0,0.1,0.006,0.032,0.0045,0.0005,0,0.3445,0.288,0.001,0.0005,NA,0.0005,0.3205,0.003,0.9,0.065103609,0,0,0,3,0,0,0,0.1,1,0,0,NA,0.75,0.5,0.2425,0.425,,,
GIB,GIB,Gibraltar,NA,34733,1,NA,1.00E+10,7,NA,NA,NA,NA,1.00E+09,7,NA,NA,NA,NA,1,0,0,0,0,0,0,0,0,NA,0,0,0,0,0.22,0.2,0,0,3,0,0,0,0.1,1,0,0,0,0,0,0,0,0,NA,0,0,0,0,0.22,0,0,0,3,0,0,0,0.1,NA,NA,NA,NA,NA,NA,NA,NA,,,"Rural sanitation technologies data was not available, so national data was used."
GIN,GIN,Guinea,0.466,13052608,0.361396818,0.15991352,1.00E+10,7,0.24,0.01,0.24,0.01,1.00E+09,7,0.1,0.1,0.1,0.1,0.027,0.245,0.073,0,0.001,0.526,0.099,0.003,0,NA,0.021,0.004,0,0,0.019319255,0.2,0,0,3,0,0,0,0.1,0.001,0.026,0.025,0,0,0.26,0.408,0.011,0.001,NA,0.054,0.212,0,0.9,0.019319255,0,0,0,3,0,0,0,0.1,NA,NA,NA,NA,NA,NA,NA,NA,,,
GLP,GLP,Guadeloupe,NA,449173,0.98473862,0.057224331,1.00E+10,7,NA,NA,NA,NA,1.00E+09,7,NA,NA,NA,NA,0.387,0.459,0.126,0,0,0.027,0,0,0,NA,0,0,0.001,0,0.22,0.2,0,0,3,0,0,0,0.1,0.387,0.459,0.126,0,0,0.027,0,0,0,NA,0,0,0.001,0,0.22,0,0,0,3,0,0,0,0.1,0.971428571,0.028571429,0,NA,0.755714286,0.511428571,0.236285714,0.413428571,,"Urban sanitation technologies data was not available, so national data was used.","Rural sanitation technologies data was not available, so national data was used."
GMB,GMB,Gambia,0.466,2163765,0.612695926,0.169450946,1.00E+10,7,0.24,0.01,0.24,0.01,1.00E+09,7,0.1,0.1,0.1,0.1,0.0355,0.2815,0.018,0,0,0.434,0.2205,0,0.002,NA,0,0.0035,0.005,0,0.019319255,0.2,0,0,3,0,0,0,0.1,0,0.021,0.0035,0,0,0.3815,0.541,0,0,NA,0,0.0475,0.006,0.9,0.019319255,0,0,0,3,0,0,0,0.1,1,0,0,NA,0.75,0.5,0.2425,0.425,,,
GNB,GNB,Guinea-Bissau,0.461,1907268,0.433601361,0.155036235,1.00E+10,7,0.24,0.01,0.24,0.01,1.00E+09,7,0.1,0.1,0.1,0.1,0.016,0.28,0,0.014,0,0.668,0,0,0,NA,0,0.017,0.003,0,0.034676542,0.2,0,0,3,0,0,0,0.1,0.007,0.013,0,0.001,0,0.672,0,0,0,NA,0,0.302,0.004,0.9,0.021136178,0,0,0,3,0,0,0,0.1,NA,NA,NA,NA,NA,NA,NA,NA,,,
GNQ,GNQ,Equatorial Guinea,0.588,1313894,0.721428822,0.142305869,1.00E+10,7,0.24,0.01,0.24,0.01,1.00E+09,7,0.1,0.1,0.1,0.1,NA,NA,NA,NA,NA,NA,NA,NA,NA,NA,NA,NA,NA,0,0.056041993,0.2,0,0,3,0,0,0,0.1,NA,NA,NA,NA,NA,NA,NA,NA,NA,NA,NA,NA,NA,0.9,0.056041993,0,0,0,3,0,0,0,0.1,1,0,0,NA,0.75,0.5,0.2425,0.425,No Data,"Urban sanitation technologies data was not available, so national data was used.","Rural sanitation technologies data was not available, so national data was used."
GRC,GRC,Greece,0.872,11142161,0.790580122,0.039283968,1.00E+10,7,0.08,0.01,0.08,0.01,1.00E+09,7,0.05,0.05,0.05,0.05,0.881,0.119,0,0,0,0,0,0,0,NA,0,0,0,0.012858,0.9406658,0.012858,0,0,3,0,0,0,0.1,0.385,0.615,0,0,0,0,0,0,0,NA,0,0,0,0,0.3688769,0.9,0,0,3,0,0,0,0.1,0,0.079545455,0.920454545,NA,0.986818182,0.918409091,0.005670455,0.02,,,
GRD,GRD,Grenada,0.763,108339,0.362722565,0.08009314,1.00E+10,7,0.24,0.01,0.24,0.01,1.00E+09,7,0.1,0.1,0.1,0.1,0.082,0.531,0,0,0,0.363,0,0,0,NA,0,0.012,0.012,0,0.258207566,0.2,0,0,3,0,0,0,0.1,0.082,0.531,0,0,0,0.363,0,0,0,NA,0,0.012,0.012,0.9,0.258207566,0,0,0,3,0,0,0,0.1,1,0,0,NA,0.75,0.5,0.2425,0.425,,"Urban sanitation technologies data was not available, so national data was used.","Rural sanitation technologies data was not available, so national data was used."
GRL,GRL,Greenland,NA,56565,0.868151684,NA,1.00E+10,7,NA,NA,NA,NA,1.00E+09,7,NA,NA,NA,NA,0.991,0,0,0,0,0,0,0,0,NA,0,0,0.009,0,0.22,0.2,0,0,3,0,0,0,0.1,0.999,0,0,0,0,0,0,0,0,NA,0,0,0.001,0,0.22,0,0,0,3,0,0,0,0.1,0.022727273,0.034090909,0.943181818,NA,0.983181818,0.909772727,0.010136364,0.029204545,,,
GTM,GTM,Guatemala,0.651,17245346,0.51053635,0.115284211,1.00E+10,7,0.24,0.01,0.24,0.01,1.00E+09,7,0.1,0.1,0.1,0.1,0.734,0.098,0,0.022,0,0.132,0.001,0,0,NA,0,0.013,0,0,0.100042203,0.2,0,0,3,0,0,0,0.1,0.125,0.2,0,0.025,0,0.546,0.006,0,0,NA,0,0.099,0,0.9,0.116557106,0,0,0,3,0,0,0,0.1,0.794871795,0.205128205,0,NA,0.791025641,0.582051282,0.197884615,0.341923077,,,
GUF,GUF,French Guiana,NA,289763,0.853093735,0.119260618,1.00E+10,7,NA,NA,NA,NA,1.00E+09,7,NA,NA,NA,NA,0.444,0.383,0.038,0,0,0.135,0,0,0,NA,0,0,0,0,0.22,0.2,0,0,3,0,0,0,0.1,0.444,0.383,0.038,0,0,0.135,0,0,0,NA,0,0,0,0,0.22,0,0,0,3,0,0,0,0.1,1,0,0,NA,0.75,0.5,0.2425,0.425,,"Urban sanitation technologies data was not available, so national data was used.","Rural sanitation technologies data was not available, so national data was used."
GUM,GUM,Guam,NA,165718,0.94779686,0.080250973,1.00E+10,7,NA,NA,NA,NA,1.00E+09,7,NA,NA,NA,NA,0.714,0.26,0,0,0,0,0,0,0,NA,0,0,0.026,0,0.22,0.2,0,0,3,0,0,0,0.1,0.714,0.26,0,0,0,0,0,0,0,NA,0,0,0.026,0,0.22,0,0,0,3,0,0,0,0.1,NA,NA,NA,NA,NA,NA,NA,NA,,"Urban sanitation technologies data was not available, so national data was used.","Rural sanitation technologies data was not available, so national data was used."
GUY,GUY,Guyana,0.67,782225,0.26606539,0.093907768,1.00E+10,7,0.24,0.01,0.24,0.01,1.00E+09,7,0.1,0.1,0.1,0.1,0.074,0.768,0.013,0.001,0,0.14,0,0,0,NA,0,0.001,0.003,0,0.116203539,0.2,0,0,3,0,0,0,0.1,0.002,0.62,0.019,0,0,0.346,0,0,0,NA,0.002,0.007,0.004,0.9,0.114654158,0,0,0,3,0,0,0,0.1,NA,NA,NA,NA,NA,NA,NA,NA,,,
HKG,HKG,Hong Kong,0.939,7428887,1,0.048361155,1.00E+10,7,0.08,0.01,0.08,0.01,1.00E+09,7,0.05,0.05,0.05,0.05,0.935,0,0,0,0,0,0,0,0,NA,0,0,0.065,0.0178189,0.8829745,0.0169411,0,0,3,0,0,0,0.1,0.935,0,0,0,0,0,0,0,0,NA,0,0,0.065,0,1,0.9,0,0,3,0,0,0,0.1,0.872340426,0.127659574,0,NA,0.775531915,0.55106383,0.214734043,0.373297872,,,"Rural sanitation technologies data was not available, so national data was used."
HMD,HMD,Heard Island and McDonald Islands,NA,NA,NA,NA,1.00E+10,7,NA,NA,NA,NA,1.00E+09,7,NA,NA,NA,NA,NA,NA,NA,NA,NA,NA,NA,NA,NA,NA,NA,NA,NA,0,0.22,0.2,NA,NA,NA,NA,NA,NA,NA,NA,NA,NA,NA,NA,NA,NA,NA,NA,NA,NA,NA,NA,0,0.22,0,NA,NA,NA,NA,NA,NA,NA,NA,NA,NA,NA,NA,NA,NA,NA,No Data,,
HND,HND,Honduras,0.623,9417167,0.570957486,0.102681196,1.00E+10,7,0.24,0.01,0.24,0.01,1.00E+09,7,0.1,0.1,0.1,0.1,0.644,0.208,0,0.017,0.001,0.107,0,0.006,0,NA,0,0.017,0,0.0858043,0.232576442,0.0327772,0,0,3,0,0,0,0.1,0.03,0.264,0,0.017,0.008,0.538,0,0,0,NA,0,0.142,0.001,0.9,0.033342113,0,0,0,3,0,0,0,0.1,0.775,0.225,0,NA,0.795,0.59,0.1935625,0.333875,,,
HRV,HRV,Croatia,0.837,4164783,0.569466885,0.044857242,1.00E+10,7,0.08,0.01,0.08,0.01,1.00E+09,7,0.05,0.05,0.05,0.05,0.991,0,0,0,0,0,0,0,0,NA,0,0,0.009,0.0580755,0.5441206,0.0404948,0,0,3,0,0,0,0.1,0.972,0,0,0,0,0,0,0,0,NA,0,0,0.028,0,0.1965778,0.9,0,0,3,0,0,0,0.1,0.47826087,0.52173913,0,NA,0.854347826,0.708695652,0.129021739,0.213695652,,,
HTI,HTI,Haiti,0.503,11112945,0.552779484,0.110759864,1.00E+10,7,0.24,0.01,0.24,0.01,1.00E+09,7,0.1,0.1,0.1,0.1,0.03,0.087,0.026,0,0,0.362,0.217,0.002,0,NA,0.176,0.099,0.001,0,0.026684791,0.2,0,0,3,0,0,0,0.1,0.004,0.012,0.015,0,0,0.139,0.206,0.001,0,NA,0.117,0.506,0,0.9,0.026684791,0,0,0,3,0,0,0,0.1,NA,NA,NA,NA,NA,NA,NA,NA,,,
HUN,HUN,Hungary,0.845,9688847,0.71350719,0.047735538,1.00E+10,7,0.08,0.01,0.08,0.01,1.00E+09,7,0.05,0.05,0.05,0.05,0.891,0,0,0,0,0,0,0,0,NA,0,0,0.109,0.047063,0.8525052,0.047063,0,0,3,0,0,0,0.1,0.585,0,0,0,0,0,0,0,0,NA,0,0,0.415,0.1916059,0.5994743,0.1906479,0,0,3,0,0,0,0.1,0.114285714,0.4,0.485714286,NA,0.946571429,0.864,0.039657143,0.066285714,,,
IDN,IDN,Indonesia,0.707,266794980,0.553245065,0.086494526,1.00E+10,7,0.24,0.01,0.24,0.01,1.00E+09,7,0.1,0.1,0.1,0.1,0,0.63,0,0,0,0.132,0,0,0,NA,0,0.221,0.018,0,0.15836647,0.2,0,0,3,0,0,0,0.1,0,0.198,0,0,0,0.305,0,0,0,NA,0,0.453,0.044,0.9,0.15836647,0,0,0,3,0,0,0,0.1,NA,NA,NA,NA,NA,NA,NA,NA,,,
IMN,IMN,Isle of Man,NA,84831,0.525880869,NA,1.00E+10,7,NA,NA,NA,NA,1.00E+09,7,NA,NA,NA,NA,NA,NA,NA,NA,NA,NA,NA,NA,NA,NA,NA,NA,NA,0,0.22,0.2,0,0,3,0,0,0,0.1,NA,NA,NA,NA,NA,NA,NA,NA,NA,NA,NA,NA,NA,0,0.22,0,0,0,3,0,0,0,0.1,NA,NA,NA,NA,NA,NA,NA,NA,No Data,"Urban sanitation technologies data was not available, so national data was used.","Rural sanitation technologies data was not available, so national data was used."
IND,IND,India,0.647,1354051854,0.340296985,0.084695026,1.00E+10,7,0.24,0.01,0.24,0.01,1.00E+09,7,0.1,0.1,0.1,0.1,0,0,0,0,0,0.96,0,0,0,NA,0,0.04,0,0,0.0883698,0.2,0,0,3,0,0,0,0.1,0,0,0,0,0,0.67,0,0,0,NA,0,0.33,0,0.3872204,0.0032375,0,0,0,3,0,0,0,0.1,1,0,0,NA,0.75,0.5,0.2425,0.425,,,
IOT,IOT,British Indian Ocean Territory,NA,NA,NA,NA,1.00E+10,7,NA,NA,NA,NA,1.00E+09,7,NA,NA,NA,NA,NA,NA,NA,NA,NA,NA,NA,NA,NA,NA,NA,NA,NA,0,0.22,0.2,NA,NA,NA,NA,NA,NA,NA,NA,NA,NA,NA,NA,NA,NA,NA,NA,NA,NA,NA,NA,0,0.22,0,NA,NA,NA,NA,NA,NA,NA,NA,NA,NA,NA,NA,NA,NA,NA,No Data,,
IRL,IRL,Ireland,0.942,4803748,0.631700081,0.06352085,1.00E+10,7,0.08,0.01,0.08,0.01,1.00E+09,7,0.05,0.05,0.05,0.05,0.917,0.021,0,0,0,0.006,0,0,0,NA,0,0,0.056,0.0208423,0.8428678,0.0208423,0,0,3,0,0,0,0.1,0.207,0.673,0,0,0,0.088,0,0,0,NA,0,0,0.032,0.5096749,0.2118234,0,0,0,3,0,0,0,0.1,0.029850746,0.791044776,0.179104478,NA,0.95119403,0.891641791,0.027731343,0.032089552,,,
IRN,IRN,Iran,0.797,82011735,0.74897885,0.09093095,1.00E+10,7,0.24,0.01,0.24,0.01,1.00E+09,7,0.1,0.1,0.1,0.1,0.39,0.005,0,0,0,0.594,0,0,0,NA,0,0,0.011,0,0.2969213,0.2,0,0,3,0,0,0,0.1,0.053,0.005,0,0,0,0.901,0,0,0,NA,0,0,0.041,0.9,0.0107172,0,0,0,3,0,0,0,0.1,0,1,0,NA,0.95,0.9,0.025,0.02,,,
IRQ,IRQ,Iraq,0.689,39339753,0.704727531,0.133766489,1.00E+10,7,0.24,0.01,0.24,0.01,1.00E+09,7,0.1,0.1,0.1,0.1,0.388,0.372,0.128,0.004,0,0.104,0.002,0,0,NA,0,0.001,0.002,0.1952533,0.200920913,0,0,0,3,0,0,0,0.1,0.033,0.437,0.302,0.02,0.001,0.142,0.033,0.001,0,NA,0,0.026,0.006,0.4151164,0.055734158,0,0,0,3,0,0,0,0.1,1,0,0,NA,0.75,0.5,0.2425,0.425,,,
ISL,ISL,Iceland,0.938,337780,0.938128368,0.059894505,1.00E+10,7,0.08,0.01,0.08,0.01,1.00E+09,7,0.05,0.05,0.05,0.05,0.96,0.04,0,0,0,0,0,0,0,NA,0,0,0,0,1,0.9,0,0,3,0,0,0,0.1,0.96,0.04,0,0,0,0,0,0,0,NA,0,0,0,0,1,0.9,0,0,3,0,0,0,0.1,0.968253968,0.015873016,0.015873016,NA,0.756984127,0.513015873,0.235261905,0.412142857,,"Urban sanitation technologies data was not available, so national data was used.","Rural sanitation technologies data was not available, so national data was used."
ISR,ISR,Israel,0.906,8452841,0.924176735,0.097952052,1.00E+10,7,0.08,0.01,0.08,0.01,1.00E+09,7,0.05,0.05,0.05,0.05,0.995,0.005,0,0,0,0,0,0,0,NA,0,0,0,0.00125,0.9358705,0.0011757,0,0,3,0,0,0,0.1,0.95,0.05,0,0,0,0,0,0,0,NA,0,0,0,0.0125,0.8935447,0.0117572,0,0,3,0,0,0,0.1,0.0625,0.416666667,0.520833333,NA,0.958333333,0.885416667,0.02765625,0.0453125,,,
ITA,ITA,Italy,0.883,59290969,0.704375383,0.038448953,1.00E+10,7,0.08,0.01,0.08,0.01,1.00E+09,7,0.05,0.05,0.05,0.05,0.993,0,0,0,0,0,0,0,0,NA,0,0,0.007,0.0247105,0.913828,0.0240516,0,0,3,0,0,0,0.1,0.992,0,0,0,0,0,0,0,0,NA,0,0,0.008,0.0291707,0.9033185,0.0283928,0,0,3,0,0,0,0.1,0.043478261,0.347826087,0.608695652,NA,0.965652174,0.894782609,0.021673913,0.037608696,,,
JAM,JAM,Jamaica,0.726,2898677,0.556741921,0.077950169,1.00E+10,7,0.24,0.01,0.24,0.01,1.00E+09,7,0.1,0.1,0.1,0.1,0.388,0,0.502,0,0,0.099,0,0,0,NA,0,0.011,0.001,0,0.1222953,0.2,0,0,3,0,0,0,0.1,0.021,0,0.588,0,0,0.379,0,0,0,NA,0,0.005,0.007,0.9,0.0254565,0,0,0,3,0,0,0,0.1,0.75,0.25,0,NA,0.8,0.6,0.188125,0.32375,,,
JEY,JEY,Jersey,NA,NA,NA,NA,1.00E+10,7,NA,NA,NA,NA,1.00E+09,7,NA,NA,NA,NA,NA,NA,NA,NA,NA,NA,NA,NA,NA,NA,NA,NA,NA,0,0.22,0.2,NA,NA,NA,NA,NA,NA,NA,NA,NA,NA,NA,NA,NA,NA,NA,NA,NA,NA,NA,NA,0,0.22,0,NA,NA,NA,NA,NA,NA,NA,NA,NA,NA,NA,NA,NA,NA,NA,No Data,,
JOR,JOR,Jordan,0.723,9903802,0.909789291,0.103705526,1.00E+10,7,0.24,0.01,0.24,0.01,1.00E+09,7,0.1,0.1,0.1,0.1,0.734,0.265,0,0,0,0,0,0,0,NA,0,0,0,0.0715118,0.6889953,0.0715118,0,0,3,0,0,0,0.1,0.068,0.931,0,0,0,0,0,0,0,NA,0,0.001,0,0.9,0.1250572,0,0,0,3,0,0,0,0.1,0.482142857,0.464285714,0.053571429,NA,0.855714286,0.708214286,0.128741071,0.215267857,,,
JPN,JPN,Japan,0.915,127185332,0.916155371,0.037781585,1.00E+10,7,0.08,0.01,0.08,0.01,1.00E+09,7,0.05,0.05,0.05,0.05,0.74,0.203,0,0,0,0.057,0,0,0,NA,0,0,0,0,0.973256611,0.9,0,0,3,0,0,0,0.1,0.74,0.203,0,0,0,0.057,0,0,0,NA,0,0,0,0,0.973256611,0.9,0,0,3,0,0,0,0.1,0,0.743243243,0.256756757,NA,0.96027027,0.905135135,0.019608108,0.02,,"Urban sanitation technologies data was not available, so national data was used.","Rural sanitation technologies data was not available, so national data was used."
KAZ,KAZ,Kazakhstan,0.817,18403860,0.574280613,0.102264151,1.00E+10,7,0.08,0.01,0.08,0.01,1.00E+09,7,0.05,0.05,0.05,0.05,0.636,0.052,0.026,0,0,0.285,0.001,0,0,NA,0,0,0,0.1546609,0.5997312,0.150895,0,0,3,0,0,0,0.1,0.061,0.048,0.016,0,0,0.863,0.009,0,0,NA,0,0.001,0.002,0,0.0201686,0.9,0,0,3,0,0,0,0.1,0.815789474,0.184210526,0,NA,0.786842105,0.573684211,0.202434211,0.350394737,,,
KEN,KEN,Kenya,0.579,50950879,0.270295729,0.13100602,1.00E+10,7,0.24,0.01,0.24,0.01,1.00E+09,7,0.1,0.1,0.1,0.1,0.21,0.143,0.02,0.029,0.038,0.374,0.176,0,0,NA,0,0.01,0,0,0.058961919,0.2,0,0,3,0,0,0,0.1,0.006,0.009,0.013,0.004,0.001,0.357,0.474,0.011,0,NA,0.005,0.118,0.004,0.9,0.086345907,0,0,0,3,0,0,0,0.1,0.6,0.4,0,NA,0.83,0.66,0.1555,0.263,,,
KGZ,KGZ,Kyrgyzstan,0.674,6132932,0.363507862,0.116528624,1.00E+10,7,0.24,0.01,0.24,0.01,1.00E+09,7,0.1,0.1,0.1,0.1,0.356,0.009,0.007,0,0,0.615,0.013,0,0,NA,0,0,0,0,0.3321959,0.2,0,0,3,0,0,0,0.1,0.018,0,0.001,0,0,0.965,0.015,0,0,NA,0,0,0,0.9,0.0019178,0,0,0,3,0,0,0,0.1,0.9,0.1,0,NA,0.77,0.54,0.22075,0.3845,,,
KHM,KHM,Cambodia,0.581,16245729,0.233878147,0.106404694,1.00E+10,7,0.24,0.01,0.24,0.01,1.00E+09,7,0.1,0.1,0.1,0.1,0.515,0.421,0,0,0,0.01,0,0,0,NA,0.004,0.051,0,0,0.052719994,0.2,0,0,3,0,0,0,0.1,0.034,0.635,0,0,0,0.036,0.001,0,0,NA,0.006,0.286,0.001,0.9,0.052719994,0,0,0,3,0,0,0,0.1,1,0,0,NA,0.75,0.5,0.2425,0.425,,,
KIR,KIR,Kiribati,0.623,118414,0.540569527,0.126919277,1.00E+10,7,0.24,0.01,0.24,0.01,1.00E+09,7,0.1,0.1,0.1,0.1,0.265,0.389,0,0,0,0.079,0,0,0,NA,0,0.223,0.044,0,0.076068464,0.2,0,0,3,0,0,0,0.1,0.015,0.353,0,0,0,0.081,0,0,0,NA,0,0.526,0.025,0.9,0.076068464,0,0,0,3,0,0,0,0.1,NA,NA,NA,NA,NA,NA,NA,NA,,,
KNA,KNA,Saint Kitts and Nevis,0.777,55850,0.30775291,NA,1.00E+10,7,0.24,0.01,0.24,0.01,1.00E+09,7,0.1,0.1,0.1,0.1,NA,NA,NA,NA,NA,NA,NA,NA,NA,NA,NA,NA,NA,0,0.291773197,0.2,0,0,3,0,0,0,0.1,NA,NA,NA,NA,NA,NA,NA,NA,NA,NA,NA,NA,NA,0.9,0.291773197,0,0,0,3,0,0,0,0.1,NA,NA,NA,NA,NA,NA,NA,NA,No Data,"Urban sanitation technologies data was not available, so national data was used.","Rural sanitation technologies data was not available, so national data was used."
KOR,KOR,South Korea,0.906,51164435,0.814593692,0.037000999,1.00E+10,7,0.08,0.01,0.08,0.01,1.00E+09,7,0.05,0.05,0.05,0.05,0.929,0.043,0,0,0,0.028,0,0,0,NA,0,0,0,0,0.899718808,0.9,0,0,3,0,0,0,0.1,0.929,0.043,0,0,0,0.028,0,0,0,NA,0,0,0,0,0.899718808,0.9,0,0,3,0,0,0,0.1,0,0.415730337,0.584269663,NA,0.973370787,0.911685393,0.012730337,0.02,,"Urban sanitation technologies data was not available, so national data was used.","Rural sanitation technologies data was not available, so national data was used."
KWT,KWT,Kuwait,0.808,4197128,1,0.067833913,1.00E+10,7,0.08,0.01,0.08,0.01,1.00E+09,7,0.05,0.05,0.05,0.05,0,0,0,0,0,1,0,0,0,NA,0,0,0,0,0.382447458,0.9,0,0,3,0,0,0,0.1,0,0,0,0,0,1,0,0,0,NA,0,0,0,0,0.382447458,0.9,0,0,3,0,0,0,0.1,0.46,0.46,0.08,NA,0.8612,0.7176,0.12337,0.2063,,"Urban sanitation technologies data was not available, so national data was used.","Rural sanitation technologies data was not available, so national data was used."
LAO,LAO,Laos,0.604,6961210,0.3500413,0.109529361,1.00E+10,7,0.24,0.01,0.24,0.01,1.00E+09,7,0.1,0.1,0.1,0.1,0.013,0.223,0.698,0.013,0.005,0.002,0,0,0,NA,0,0.042,0.003,0.6144936,0.0188794,0,0,0,3,0,0,0,0.1,0.009,0.055,0.571,0.015,0.009,0.005,0.004,0.001,0,NA,0,0.326,0.006,0.5545542,0.0086848,0,0,0,3,0,0,0,0.1,1,0,0,NA,0.75,0.5,0.2425,0.425,,,
LBN,LBN,Lebanon,0.73,6093509,0.885928125,0.082943639,1.00E+10,7,0.24,0.01,0.24,0.01,1.00E+09,7,0.1,0.1,0.1,0.1,0.657,0,0,0.021,0,0.321,0,0,0,NA,0,0,0.001,0,0.199767372,0.2,0,0,3,0,0,0,0.1,0.657,0,0,0.021,0,0.321,0,0,0,NA,0,0,0.001,0.9,0.199767372,0,0,0,3,0,0,0,0.1,0.444444444,0.472222222,0.083333333,NA,0.864444444,0.723888889,0.119916667,0.2,,"Urban sanitation technologies data was not available, so national data was used.","Rural sanitation technologies data was not available, so national data was used."
LBR,LBR,Liberia,0.465,4853516,0.511514127,0.146409705,1.00E+10,7,0.24,0.01,0.24,0.01,1.00E+09,7,0.1,0.1,0.1,0.1,0.017,0.253,0.024,0,0.009,0.287,0.066,0,0.004,NA,0.084,0.248,0.006,0,0.019151342,0.2,0,0,3,0,0,0,0.1,0,0.02,0.003,0,0.001,0.192,0.058,0,0,NA,0.017,0.709,0,0.9,0.019151342,0,0,0,3,0,0,0,0.1,NA,NA,NA,NA,NA,NA,NA,NA,,,
LBY,LBY,Libya,0.708,6470956,0.801019664,0.090812391,1.00E+10,7,0.24,0.01,0.24,0.01,1.00E+09,7,0.1,0.1,0.1,0.1,0.678,0.083,0,0,0,0.236,0,0,0,NA,0,0.001,0.002,0,0.159754982,0.2,0,0,3,0,0,0,0.1,0.678,0.083,0,0,0,0.236,0,0,0,NA,0,0.001,0.002,0.9,0.159754982,0,0,0,3,0,0,0,0.1,0.829268293,0.170731707,0,NA,0.784146341,0.568292683,0.205365854,0.355853659,,"Urban sanitation technologies data was not available, so national data was used.","Rural sanitation technologies data was not available, so national data was used."
LCA,LCA,Saint Lucia,0.745,179667,0.186773308,0.058955829,1.00E+10,7,0.24,0.01,0.24,0.01,1.00E+09,7,0.1,0.1,0.1,0.1,0.11,0.738,0,0,0.002,0.084,0,0,0.011,NA,0,0.052,0.003,0,0.220662146,0.2,0,0,3,0,0,0,0.1,0.038,0.71,0.004,0,0.002,0.235,0.001,0,0.001,NA,0,0.009,0,0.9,0.220662146,0,0,0,3,0,0,0,0.1,1,0,0,NA,0.75,0.5,0.2425,0.425,,,
LIE,LIE,Liechtenstein,0.917,38155,0.1433626,NA,1.00E+10,7,0.08,0.01,0.08,0.01,1.00E+09,7,0.05,0.05,0.05,0.05,0.987,0.012,0,0,0,0,0,0,0,NA,0,0,0.001,0,0.990397897,0.9,0,0,3,0,0,0,0.1,0.987,0.012,0,0,0,0,0,0,0,NA,0,0,0.001,0,0.990397897,0.9,0,0,3,0,0,0,0.1,0,0.18556701,0.81443299,NA,0.98257732,0.91628866,0.007896907,0.02,,"Urban sanitation technologies data was not available, so national data was used.","Rural sanitation technologies data was not available, so national data was used."
LKA,LKA,Sri Lanka,0.78,20950041,0.18475582,0.077541242,1.00E+10,7,0.24,0.01,0.24,0.01,1.00E+09,7,0.1,0.1,0.1,0.1,0,0,0,0,0,0.935,0,0,0,NA,0,0,0.066,0,0.299515233,0.2,0,0,3,0,0,0,0.1,0,0,0,0,0,0.919,0,0,0,NA,0,0.005,0.077,0.9,0.299515233,0,0,0,3,0,0,0,0.1,1,0,0,NA,0.75,0.5,0.2425,0.425,,,
LSO,LSO,Lesotho,0.518,2263010,0.281528142,0.118339486,1.00E+10,7,0.24,0.01,0.24,0.01,1.00E+09,7,0.1,0.1,0.1,0.1,0.019,0.039,0.009,0.001,0.001,0.647,0.192,0,0,NA,0,0.093,0,0,0.032019003,0.2,0,0,3,0,0,0,0.1,0.004,0.003,0.005,0,0.002,0.416,0.226,0,0,NA,0,0.344,0,0.9,0.030418053,0,0,0,3,0,0,0,0.1,1,0,0,NA,0.75,0.5,0.2425,0.425,,,
LTU,LTU,Lithuania,0.869,2876475,0.676787387,0.053307306,1.00E+10,7,0.08,0.01,0.08,0.01,1.00E+09,7,0.05,0.05,0.05,0.05,0.956,0,0,0,0,0,0,0,0,NA,0,0,0.044,0,0.9515712,0,0,0,3,0,0,0,0.1,0.587,0,0,0,0,0,0,0,0,NA,0,0,0.413,0.0335151,0.7668689,0.0327729,0,0,3,0,0,0,0.1,0.054054054,0.202702703,0.743243243,NA,0.968918919,0.893243243,0.021148649,0.041891892,,,
LUX,LUX,Luxembourg,0.909,590321,0.909813474,0.053115455,1.00E+10,7,0.08,0.01,0.08,0.01,1.00E+09,7,0.05,0.05,0.05,0.05,1,0,0,0,0,0,0,0,0,NA,0,0,0,0.0000187,0.9738622,0.0000187,0,0,3,0,0,0,0.1,1,0,0,0,0,0,0,0,0,NA,0,0,0,0.0470271,0.7986541,0.046984,0,0,3,0,0,0,0.1,0.041237113,0.515463918,0.443298969,NA,0.959484536,0.892371134,0.024659794,0.036701031,,,
LVA,LVA,Latvia,0.854,1929938,0.681418263,0.060449517,1.00E+10,7,0.08,0.01,0.08,0.01,1.00E+09,7,0.05,0.05,0.05,0.05,0.966,0,0,0,0,0,0,0,0,NA,0,0,0.034,0.0020314,0.8979612,0.0019118,0,0,3,0,0,0,0.1,0.744,0,0,0,0,0,0,0,0,NA,0,0,0.256,0.0220274,0.7223682,0.0207295,0,0,3,0,0,0,0.1,0.030769231,0.384615385,0.584615385,NA,0.967230769,0.899384615,0.019415385,0.032461538,,,
MAC,MAC,Macao,NA,632418,1,0.055337557,1.00E+10,7,NA,NA,NA,NA,1.00E+09,7,NA,NA,NA,NA,NA,NA,NA,NA,NA,NA,NA,NA,NA,NA,NA,NA,NA,0,0.22,0.2,0,0,3,0,0,0,0.1,NA,NA,NA,NA,NA,NA,NA,NA,NA,NA,NA,NA,NA,0,0.22,0,0,0,3,0,0,0,0.1,NA,NA,NA,NA,NA,NA,NA,NA,No Data,"Urban sanitation technologies data was not available, so national data was used.","Rural sanitation technologies data was not available, so national data was used."
MAF,MAF,Saint-Martin,NA,NA,NA,NA,1.00E+10,7,NA,NA,NA,NA,1.00E+09,7,NA,NA,NA,NA,NA,NA,NA,NA,NA,NA,NA,NA,NA,NA,NA,NA,NA,0,0.22,0.2,NA,NA,NA,NA,NA,NA,NA,NA,NA,NA,NA,NA,NA,NA,NA,NA,NA,NA,NA,NA,0,0.22,0,NA,NA,NA,NA,NA,NA,NA,NA,NA,NA,NA,NA,NA,NA,NA,No Data,,
MAR,MAR,Morocco,0.676,36191805,0.624526547,0.090083656,1.00E+10,7,0.24,0.01,0.24,0.01,1.00E+09,7,0.1,0.1,0.1,0.1,0.79,0.11,0.031,0,0,0,0,0,0,NA,0,0,0.069,0.0334944,0.3545457,0.014264,0,0,3,0,0,0,0.1,0.017,0.364,0.188,0,0,0,0,0,0,NA,0,0,0.427,0.9,0.000536,0,0,0,3,0,0,0,0.1,0.8,0.2,0,NA,0.79,0.58,0.199,0.344,,,
MCO,MCO,Monaco,NA,38897,1,NA,1.00E+10,7,NA,NA,NA,NA,1.00E+09,7,NA,NA,NA,NA,1,0,0,0,0,0,0,0,0,NA,0,0,0,0,1,0,0,0,3,0,0,0,0.1,1,0,0,0,0,0,0,0,0,NA,0,0,0,0,0.22,0,0,0,3,0,0,0,0.1,NA,NA,NA,NA,NA,NA,NA,NA,,,"Rural sanitation technologies data was not available, so national data was used."
MDA,MDA,Moldova,0.711,4041065,0.42628515,0.050203733,1.00E+10,7,0.24,0.01,0.24,0.01,1.00E+09,7,0.1,0.1,0.1,0.1,0.732,0.173,0,0,0,0,0,0,0,NA,0,0,0.095,0.0938858,0.5976136,0.0874781,0,0,3,0,0,0,0.1,0.023,0.419,0,0,0,0,0,0,0,NA,0,0,0.558,0.9,0.0284204,0,0,0,3,0,0,0,0.1,0.5,0.5,0,NA,0.85,0.7,0.13375,0.2225,,,
MDG,MDG,Madagascar,0.521,26262810,0.371905558,0.148402881,1.00E+10,7,0.24,0.01,0.24,0.01,1.00E+09,7,0.1,0.1,0.1,0.1,0.008,0.142,0.005,0.001,0.001,0.148,0.466,0.018,0.006,NA,0.01,0.197,0,0,0.035128326,0.2,0,0,3,0,0,0,0.1,0.005,0.011,0.008,0.001,0.001,0.091,0.437,0.01,0.001,NA,0.019,0.416,0,0.9,0.037470214,0,0,0,3,0,0,0,0.1,NA,NA,NA,NA,NA,NA,NA,NA,,,
MDV,MDV,Maldives,0.719,444259,0.398080849,0.065820972,1.00E+10,7,0.24,0.01,0.24,0.01,1.00E+09,7,0.1,0.1,0.1,0.1,0.982,0,0.013,0,0.003,0,0,0,0,NA,0,0,0.002,0,0.175856053,0.2,0,0,3,0,0,0,0.1,0.383,0.594,0.006,0.011,0,0.002,0,0,0,NA,0,0.001,0.001,0.9,0.180906749,0,0,0,3,0,0,0,0.1,NA,NA,NA,NA,NA,NA,NA,NA,,,
MEX,MEX,Mexico,0.767,130759074,0.801561947,0.084995796,1.00E+10,7,0.24,0.01,0.24,0.01,1.00E+09,7,0.1,0.1,0.1,0.1,0.882,0.0895,0,0.005,0,0.011,0,0,0,NA,0,0.01,0.002,0.0212288,0.492007033,0.0121616,0,0,3,0,0,0,0.1,0.3055,0.439,0,0.0185,0,0.147,0,0,0,NA,0,0.0765,0.014,0.9,0.192091911,0,0,0,3,0,0,0,0.1,1,0,0,NA,0.75,0.5,0.2425,0.425,,,
MHL,MHL,Marshall Islands,0.698,53167,0.77030865,NA,1.00E+10,7,0.24,0.01,0.24,0.01,1.00E+09,7,0.1,0.1,0.1,0.1,0.5,0.453,0.001,0.004,0,0.007,0,0,0,NA,0,0.035,0,0,0.147571743,0.2,0,0,3,0,0,0,0.1,0.03,0.567,0.029,0.007,0,0.02,0,0,0,NA,0,0.347,0,0.9,0.180560664,0,0,0,3,0,0,0,0.1,NA,NA,NA,NA,NA,NA,NA,NA,,,
MKD,MKD,Macedonia,0.759,2085051,0.579632345,0.053702637,1.00E+10,7,0.24,0.01,0.24,0.01,1.00E+09,7,0.1,0.1,0.1,0.1,0.981,0.011,0,0,0,0.006,0.001,0,0,NA,0,0,0.001,0,0.082,0,0,0,3,0,0,0,0.1,0.358,0.357,0.016,0.072,0.011,0.124,0.035,0.01,0,NA,0.001,0.013,0.003,0.9,0.037116087,0,0,0,3,0,0,0,0.1,0.6,0.3,0.1,NA,0.834,0.662,0.1534,0.263,,,
MLI,MLI,Mali,0.427,19107706,0.423563143,0.178042741,1.00E+10,7,0.24,0.01,0.24,0.01,1.00E+09,7,0.1,0.1,0.1,0.1,NA,NA,NA,NA,NA,NA,NA,NA,NA,NA,NA,NA,NA,0.081946,0.0091684,0,0,0,3,0,0,0,0.1,NA,NA,NA,NA,NA,NA,NA,NA,NA,NA,NA,NA,NA,0.2553843,0,0,0,0,3,0,0,0,0.1,1,0,0,NA,0.75,0.5,0.2425,0.425,No Data,"Urban sanitation technologies data was not available, so national data was used.","Rural sanitation technologies data was not available, so national data was used."
MLT,MLT,Malta,0.885,432089,0.946122211,0.049087397,1.00E+10,7,0.08,0.01,0.08,0.01,1.00E+09,7,0.05,0.05,0.05,0.05,0.5,0,0,0,0,0,0,0,0,NA,0,0,0,0,0.929817,0,0,0,3,0,0,0,0.1,0.5,0,0,0,0,0,0,0,0,NA,0,0,0,0,0.93025,0,0,0,3,0,0,0,0.1,0,1,0,NA,0.95,0.9,0.025,0.02,Error (check),,
MMR,MMR,Myanmar,0.584,53855735,0.30578658,0.082862949,1.00E+10,7,0.24,0.01,0.24,0.01,1.00E+09,7,0.1,0.1,0.1,0.1,0,0,0.871,0,0.052,0.038,0,0,0.01,NA,0,0.026,0.003,0,0.054118889,0.2,0,0,3,0,0,0,0.1,0,0,0.664,0,0.009,0.094,0,0,0.033,NA,0,0.19,0.01,0.9,0.054118889,0,0,0,3,0,0,0,0.1,1,0,0,NA,0.75,0.5,0.2425,0.425,,,
MNE,MNE,Montenegro,0.816,629219,0.668134624,0.058761715,1.00E+10,7,0.08,0.01,0.08,0.01,1.00E+09,7,0.05,0.05,0.05,0.05,0.634,0.343,0.001,0.002,0,0.005,0.001,0,0,NA,0,0.001,0.014,0.0962349,0.174991086,0.0274109,0,0,3,0,0,0,0.1,0.177,0.702,0.002,0.039,0,0.052,0.003,0,0,NA,0,0.001,0.024,0,0.052042454,0.9,0,0,3,0,0,0,0.1,NA,NA,NA,NA,NA,NA,NA,NA,,,
MNG,MNG,Mongolia,0.735,3121772,0.684454214,0.114529151,1.00E+10,7,0.24,0.01,0.24,0.01,1.00E+09,7,0.1,0.1,0.1,0.1,0.341,0.003,0.001,0,0,0.636,0.011,0.001,0,NA,0,0.005,0.001,0,0.0890717,0.2,0,0,3,0,0,0,0.1,0.032,0.001,0.001,0,0,0.574,0.138,0,0,NA,0,0.252,0.002,0.9,0.0087356,0,0,0,3,0,0,0,0.1,1,0,0,NA,0.75,0.5,0.2425,0.425,,,
MNP,MNP,Northern Mariana Islands,NA,55194,0.916186542,NA,1.00E+10,7,NA,NA,NA,NA,1.00E+09,7,NA,NA,NA,NA,0.384,0.577,0,0,0,0,0,0,0,NA,0,0.002,0.037,0,0.22,0.2,0,0,3,0,0,0,0.1,0.384,0.577,0,0,0,0,0,0,0,NA,0,0.002,0.037,0,0.22,0,0,0,3,0,0,0,0.1,NA,NA,NA,NA,NA,NA,NA,NA,,"Urban sanitation technologies data was not available, so national data was used.","Rural sanitation technologies data was not available, so national data was used."
MOZ,MOZ,Mozambique,0.446,30528673,0.359878728,0.164983402,1.00E+10,7,0.24,0.01,0.24,0.01,1.00E+09,7,0.1,0.1,0.1,0.1,0,0.188,0,0,0,0.39,0.295,0,0,NA,0,0.127,0,0,0.016224335,0.2,0,0,3,0,0,0,0.1,0,0.007,0,0,0,0.125,0.382,0,0,NA,0,0.485,0,0.1627129,0,0,0,0,3,0,0,0,0.1,1,0,0,NA,0.75,0.5,0.2425,0.425,,,
MRT,MRT,Mauritania,0.527,4540068,0.536719714,0.148370849,1.00E+10,7,0.24,0.01,0.24,0.01,1.00E+09,7,0.1,0.1,0.1,0.1,0.043,0.156,0.227,0,0.003,0.309,0.119,0.001,0,NA,0.005,0.116,0.021,0,0.032904248,0.2,0,0,3,0,0,0,0.1,0.003,0.023,0.082,0,0.005,0.112,0.125,0.008,0,NA,0.003,0.627,0.013,0.9,0.032904248,0,0,0,3,0,0,0,0.1,NA,NA,NA,NA,NA,NA,NA,NA,,,
MSR,MSR,Montserrat,NA,5203,0.090716894,NA,1.00E+10,7,NA,NA,NA,NA,1.00E+09,7,NA,NA,NA,NA,0.142,0.73,0,0,0,0.065,0,0,0,NA,0,0.037,0.026,0,0.22,0.2,0,0,3,0,0,0,0.1,0.142,0.73,0,0,0,0.065,0,0,0,NA,0,0.037,0.026,0,0.22,0,0,0,3,0,0,0,0.1,1,0,0,NA,0.75,0.5,0.2425,0.425,,"Urban sanitation technologies data was not available, so national data was used.","Rural sanitation technologies data was not available, so national data was used."
MTQ,MTQ,Martinique,NA,385065,0.890493813,0.048906773,1.00E+10,7,NA,NA,NA,NA,1.00E+09,7,NA,NA,NA,NA,0.455,0.512,0.008,0,0,0.025,0,0,0,NA,0,0,0,0,0.22,0.2,0,0,3,0,0,0,0.1,0.455,0.512,0.008,0,0,0.025,0,0,0,NA,0,0,0,0,0.22,0,0,0,3,0,0,0,0.1,1,0,0,NA,0.75,0.5,0.2425,0.425,,"Urban sanitation technologies data was not available, so national data was used.","Rural sanitation technologies data was not available, so national data was used."
MUS,MUS,Mauritius,0.796,1268315,0.407932572,0.050361426,1.00E+10,7,0.24,0.01,0.24,0.01,1.00E+09,7,0.1,0.1,0.1,0.1,NA,NA,NA,NA,NA,NA,NA,NA,NA,NA,NA,NA,NA,0,0.3485226,0.2,0,0,3,0,0,0,0.1,NA,NA,NA,NA,NA,NA,NA,NA,NA,NA,NA,NA,NA,0.9,0.0384499,0,0,0,3,0,0,0,0.1,0.9,0.1,0,NA,0.77,0.54,0.22075,0.3845,No Data,"Urban sanitation technologies data was not available, so national data was used.","Rural sanitation technologies data was not available, so national data was used."
MWI,MWI,Malawi,0.485,19164728,0.169370158,0.152846308,1.00E+10,7,0.24,0.01,0.24,0.01,1.00E+09,7,0.1,0.1,0.1,0.1,0.028,0.134,0.007,0,0,0.385,0.433,0.001,0,NA,0,0.013,0,0,0.022804612,0.2,0,0,3,0,0,0,0.1,0,0.001,0.001,0,0,0.101,0.824,0.002,0,NA,0.001,0.07,0,0.9,0.022804612,0,0,0,3,0,0,0,0.1,1,0,0,NA,0.75,0.5,0.2425,0.425,,,
MYS,MYS,Malaysia,0.804,32042458,0.76035771,0.081416028,1.00E+10,7,0.08,0.01,0.08,0.01,1.00E+09,7,0.05,0.05,0.05,0.05,0.77,0.23,0,0,0,0,0,0,0,NA,0,0,0,0,0.36932362,0.9,0,0,3,0,0,0,0.1,0.77,0.23,0,0,0,0,0,0,0,NA,0,0,0,0,0.36932362,0.9,0,0,3,0,0,0,0.1,1,0,0,NA,0.75,0.5,0.2425,0.425,,"Urban sanitation technologies data was not available, so national data was used.","Rural sanitation technologies data was not available, so national data was used."
MYT,MYT,Mayotte,NA,259682,0.461475959,0.132244431,1.00E+10,7,NA,NA,NA,NA,1.00E+09,7,NA,NA,NA,NA,0.185,0.353,0,0,0,0,0,0,0,NA,0,0,0.462,0,0.22,0.2,0,0,3,0,0,0,0.1,0.185,0.353,0,0,0,0,0,0,0,NA,0,0,0.462,0,0.22,0,0,0,3,0,0,0,0.1,NA,NA,NA,NA,NA,NA,NA,NA,,"Urban sanitation technologies data was not available, so national data was used.","Rural sanitation technologies data was not available, so national data was used."
NAM,NAM,Namibia,0.645,2587801,0.500324793,0.132266474,1.00E+10,7,0.24,0.01,0.24,0.01,1.00E+09,7,0.1,0.1,0.1,0.1,0.638,0.018,0.037,0.005,0.002,0.045,0.023,0,0.003,NA,0,0.222,0.008,0,0.092896802,0.2,0,0,3,0,0,0,0.1,0.068,0.012,0.014,0.008,0.001,0.113,0.046,0,0.003,NA,0,0.735,0,0.9,0.103018483,0,0,0,3,0,0,0,0.1,0.740740741,0.259259259,0,NA,0.801851852,0.603703704,0.186111111,0.32,,,
NCL,NCL,New Caledonia,NA,279821,0.706834012,0.069347195,1.00E+10,7,NA,NA,NA,NA,1.00E+09,7,NA,NA,NA,NA,NA,NA,NA,NA,NA,NA,NA,NA,NA,NA,NA,NA,NA,0,0.22,0.2,0,0,3,0,0,0,0.1,NA,NA,NA,NA,NA,NA,NA,NA,NA,NA,NA,NA,NA,0,0.22,0,0,0,3,0,0,0,0.1,1,0,0,NA,0.75,0.5,0.2425,0.425,No Data,"Urban sanitation technologies data was not available, so national data was used.","Rural sanitation technologies data was not available, so national data was used."
NER,NER,Niger,0.377,22311375,0.164252181,0.197775271,1.00E+10,7,0.24,0.01,0.24,0.01,1.00E+09,7,0.1,0.1,0.1,0.1,0.032,0.106,0.095,0.029,0.001,0.541,0.083,0,0.001,NA,0.001,0.108,0.005,0.2256812,0.016395466,0,0,0,3,0,0,0,0.1,0,0.002,0.024,0.022,0.001,0.12,0.09,0,0,NA,0.001,0.734,0.007,0.0683896,0,0,0,0,3,0,0,0,0.1,NA,NA,NA,NA,NA,NA,NA,NA,,,
NFK,NFK,Norfolk Island,NA,NA,NA,NA,1.00E+10,7,NA,NA,NA,NA,1.00E+09,7,NA,NA,NA,NA,NA,NA,NA,NA,NA,NA,NA,NA,NA,NA,NA,NA,NA,0,0.22,0.2,NA,NA,NA,NA,NA,NA,NA,NA,NA,NA,NA,NA,NA,NA,NA,NA,NA,NA,NA,NA,0,0.22,0,NA,NA,NA,NA,NA,NA,NA,NA,NA,NA,NA,NA,NA,NA,NA,No Data,,
NGA,NGA,Nigeria,0.534,195875237,0.503436792,0.164639871,1.00E+10,7,0.24,0.01,0.24,0.01,1.00E+09,7,0.1,0.1,0.1,0.1,0.146,0.356,0.13,0.0065,0.0005,0.2165,0.0525,0.002,0.0055,NA,0.013,0.0625,0.0075,0.2477168,0.049426399,0,0,0,3,0,0,0,0.1,0.042,0.059,0.056,0.003,0.001,0.26,0.26,0.0065,0.0005,NA,0.0205,0.2755,0.016,0.222005,0.017779179,0,0,0,3,0,0,0,0.1,NA,NA,NA,NA,NA,NA,NA,NA,,,
NIC,NIC,Nicaragua,0.651,6284757,0.585223104,0.099167733,1.00E+10,7,0.24,0.01,0.24,0.01,1.00E+09,7,0.1,0.1,0.1,0.1,0.353,0.106,0,0.002,0,0.525,0,0,0,NA,0,0.014,0,0,0.097681239,0.2,0,0,3,0,0,0,0.1,0.003,0.023,0,0,0,0.798,0,0,0,NA,0,0.176,0,0.9,0.097130922,0,0,0,3,0,0,0,0.1,1,0,0,NA,0.75,0.5,0.2425,0.425,,,
NIU,NIU,Niue,NA,1624,0.447660099,NA,1.00E+10,7,NA,NA,NA,NA,1.00E+09,7,NA,NA,NA,NA,0.07,0.78,0.15,0,0,0,0,0,0,NA,0,0,0,0,0.22,0.2,0,0,3,0,0,0,0.1,0.07,0.78,0.15,0,0,0,0,0,0,NA,0,0,0,0,0.22,0,0,0,3,0,0,0,0.1,NA,NA,NA,NA,NA,NA,NA,NA,,"Urban sanitation technologies data was not available, so national data was used.","Rural sanitation technologies data was not available, so national data was used."
NLD,NLD,Netherlands,0.934,17084459,0.914900905,0.050125846,1.00E+10,7,0.08,0.01,0.08,0.01,1.00E+09,7,0.05,0.05,0.05,0.05,0.5,0,0,0,0,0,0,0,0,NA,0,0,0,0,0.9747601,0,0,0,3,0,0,0,0.1,0.5,0,0,0,0,0,0,0,0,NA,0,0,0,0.0121576,0.9501405,0.0121546,0,0,3,0,0,0,0.1,0,0.02020202,0.97979798,NA,0.989191919,0.91959596,0.004424242,0.02,Error (check),,
NOR,NOR,Norway,0.954,5353363,0.822481121,0.055660308,1.00E+10,7,0.08,0.01,0.08,0.01,1.00E+09,7,0.05,0.05,0.05,0.05,0.849,0.144,0,0,0,0,0,0.001,0,NA,0,0,0.006,0,1,0.9,0,0,3,0,0,0,0.1,0.849,0.144,0,0,0,0,0,0.001,0,NA,0,0,0.006,0,1,0.9,0,0,3,0,0,0,0.1,0.25,0.025,0.725,NA,0.929,0.8145,0.06415,0.12125,,"Urban sanitation technologies data was not available, so national data was used.","Rural sanitation technologies data was not available, so national data was used."
NPL,NPL,Nepal,0.579,29624035,0.197396168,0.092898749,1.00E+10,7,0.24,0.01,0.24,0.01,1.00E+09,7,0.1,0.1,0.1,0.1,0.11,0.563,0.115,0.006,0.001,0.057,0.01,0.016,0,NA,0,0.121,0.001,0,0.05463341,0.2,0,0,3,0,0,0,0.1,0.002,0.475,0.17,0.002,0,0.107,0.01,0.014,0,NA,0,0.219,0,0.9,0.103615088,0,0,0,3,0,0,0,0.1,1,0,0,NA,0.75,0.5,0.2425,0.425,,,
NRU,NRU,Nauru,NA,11312,1,NA,1.00E+10,7,NA,NA,NA,NA,1.00E+09,7,NA,NA,NA,NA,NA,NA,NA,NA,NA,NA,NA,NA,NA,NA,NA,NA,NA,0,0.22,0.2,0,0,3,0,0,0,0.1,NA,NA,NA,NA,NA,NA,NA,NA,NA,NA,NA,NA,NA,0,0.22,0,0,0,3,0,0,0,0.1,NA,NA,NA,NA,NA,NA,NA,NA,No Data,"Urban sanitation technologies data was not available, so national data was used.","Rural sanitation technologies data was not available, so national data was used."
NZL,NZL,New Zealand,0.921,4749598,0.865376396,0.062472303,1.00E+10,7,0.08,0.01,0.08,0.01,1.00E+09,7,0.05,0.05,0.05,0.05,0.866,0.134,0,0,0,0,0,0,0,NA,0,0,0,0,1,0.9,0,0,3,0,0,0,0.1,0.866,0.134,0,0,0,0,0,0,0,NA,0,0,0,0,1,0.9,0,0,3,0,0,0,0.1,0.075,0.35,0.575,NA,0.958,0.8815,0.0292375,0.050375,,"Urban sanitation technologies data was not available, so national data was used.","Rural sanitation technologies data was not available, so national data was used."
OMN,OMN,Oman,0.834,4829946,0.845393717,0.088838767,1.00E+10,7,0.08,0.01,0.08,0.01,1.00E+09,7,0.05,0.05,0.05,0.05,NA,NA,NA,NA,NA,NA,NA,NA,NA,NA,NA,NA,NA,0,0.1259494,0.9,0,0,3,0,0,0,0.1,NA,NA,NA,NA,NA,NA,NA,NA,NA,NA,NA,NA,NA,0,0.0150854,0.9,0,0,3,0,0,0,0.1,0,1,0,NA,0.95,0.9,0.025,0.02,No Data,"Urban sanitation technologies data was not available, so national data was used.","Rural sanitation technologies data was not available, so national data was used."
PAK,PAK,Pakistan,0.56,200813818,0.366660177,0.126590416,1.00E+10,7,0.24,0.01,0.24,0.01,1.00E+09,7,0.1,0.1,0.1,0.1,0.582,0.185,0,0.202,0,0.012,0,0,0,NA,0,0.008,0.011,0,0.059122635,0.2,0,0,3,0,0,0,0.1,0.05,0.411,0,0.136,0,0.106,0,0,0,NA,0,0.206,0.091,0.9,0.163268967,0,0,0,3,0,0,0,0.1,0.739130435,0.260869565,0,NA,0.802173913,0.604347826,0.18576087,0.319347826,,,
PAN,PAN,Panama,0.795,4162618,0.677088553,0.090228026,1.00E+10,7,0.24,0.01,0.24,0.01,1.00E+09,7,0.1,0.1,0.1,0.1,0.574,0.348,0.032,0,0.001,0.042,0,0,0,NA,0,0.003,0,0,0.341418084,0.2,0,0,3,0,0,0,0.1,0.031,0.402,0.101,0.001,0.006,0.43,0,0.003,0,NA,0,0.025,0.001,0.9,0.352431571,0,0,0,3,0,0,0,0.1,0.848484848,0.151515152,0,NA,0.78030303,0.560606061,0.209545455,0.363636364,,,
PCN,PCN,Pitcairn Islands,NA,NA,NA,NA,1.00E+10,7,NA,NA,NA,NA,1.00E+09,7,NA,NA,NA,NA,NA,NA,NA,NA,NA,NA,NA,NA,NA,NA,NA,NA,NA,0,0.22,0.2,NA,NA,NA,NA,NA,NA,NA,NA,NA,NA,NA,NA,NA,NA,NA,NA,NA,NA,NA,NA,0,0.22,0,NA,NA,NA,NA,NA,NA,NA,NA,NA,NA,NA,NA,NA,NA,NA,No Data,,
PER,PER,Peru,0.759,32551815,0.779068694,0.085929826,1.00E+10,7,0.24,0.01,0.24,0.01,1.00E+09,7,0.1,0.1,0.1,0.1,0.871666667,0.019333333,0,0.009,0,0.042,0.028,0,0,NA,0,0.027,0.003,0.0229054,0.479610999,0.0146407,0,0,3,0,0,0,0.1,0.182666667,0.194666667,0,0.008,0,0.259,0.142333333,0,0,NA,0.000333333,0.21,0.002333333,0.9,0.106954815,0,0,0,3,0,0,0,0.1,0.804878049,0.195121951,0,NA,0.78902439,0.57804878,0.200060976,0.34597561,,,
PHL,PHL,Philippines,0.712,106512074,0.469073375,0.096881154,1.00E+10,7,0.24,0.01,0.24,0.01,1.00E+09,7,0.1,0.1,0.1,0.1,0.07,0.792,0.061,0.015,0,0.012,0.002,0,0,NA,0.012,0.028,0.006,0.5162762,0.028663457,0,0,0,3,0,0,0,0.1,0.024,0.599,0.159,0.015,0.001,0.053,0.028,0.006,0.004,NA,0.014,0.087,0.01,0.4829465,0.02095795,0,0,0,3,0,0,0,0.1,1,0,0,NA,0.75,0.5,0.2425,0.425,,,
PLW,PLW,Palau,0.814,21964,0.799307958,NA,1.00E+10,7,0.08,0.01,0.08,0.01,1.00E+09,7,0.05,0.05,0.05,0.05,0.866,0,0,0,0.096,0.033,0,0,0,NA,0,0,0.005,0,0.403012782,0.9,0,0,3,0,0,0,0.1,0.866,0,0,0,0.096,0.033,0,0,0,NA,0,0,0.005,0,0.403012782,0.9,0,0,3,0,0,0,0.1,NA,NA,NA,NA,NA,NA,NA,NA,,"Urban sanitation technologies data was not available, so national data was used.","Rural sanitation technologies data was not available, so national data was used."
PNG,PNG,Papua New Guinea,0.543,8418346,0.131687151,0.123748816,1.00E+10,7,0.24,0.01,0.24,0.01,1.00E+09,7,0.1,0.1,0.1,0.1,0.233,0.246,0.004,0.049,0,0.137,0.277,0,0.003,NA,0.018,0.029,0.004,0,0.137067734,0.2,0,0,3,0,0,0,0.1,0.01,0.015,0.001,0.002,0,0.133,0.681,0,0.001,NA,0.03,0.108,0.02,0.9,0.0056958,0,0,0,3,0,0,0,0.1,1,0,0,NA,0.75,0.5,0.2425,0.425,,,
POL,POL,Poland,0.872,38104832,0.600577349,0.049804045,1.00E+10,7,0.08,0.01,0.08,0.01,1.00E+09,7,0.05,0.05,0.05,0.05,0.986,0,0,0,0,0,0,0,0,NA,0,0,0.014,0,0.668662387,0.9,0,0,3,0,0,0,0.1,0.96,0,0,0,0,0,0,0,0,NA,0,0,0.04,0,0.668662387,0.9,0,0,3,0,0,0,0.1,0,0.230769231,0.769230769,NA,0.980769231,0.915384615,0.008846154,0.02,,,
PRI,PRI,Puerto Rico,NA,3659007,0.935783944,0.029463724,1.00E+10,7,NA,NA,NA,NA,1.00E+09,7,NA,NA,NA,NA,NA,NA,NA,NA,NA,NA,NA,NA,NA,NA,NA,NA,NA,0,0.22,0.2,0,0,3,0,0,0,0.1,NA,NA,NA,NA,NA,NA,NA,NA,NA,NA,NA,NA,NA,0,0.22,0,0,0,3,0,0,0,0.1,0.837209302,0.162790698,0,NA,0.78255814,0.565116279,0.207093023,0.359069767,No Data,"Urban sanitation technologies data was not available, so national data was used.","Rural sanitation technologies data was not available, so national data was used."
PRK,PRK,North Korea,NA,25610672,0.618992582,0.067733641,1.00E+10,7,NA,NA,NA,NA,1.00E+09,7,NA,NA,NA,NA,0.672,0.064,0.019,0.001,0,0.162,0.083,0,0,NA,0,0,0,0.0105361,0.220327381,0.2,0,0,3,0,0,0,0.1,0.095,0.145,0.039,0.001,0,0.445,0.276,0,0,NA,0,0,0,0.0040879,0.047770307,0,0,0,3,0,0,0,0.1,0.684210526,0.315789474,0,NA,0.813157895,0.626315789,0.173815789,0.297105263,,,
PRT,PRT,Portugal,0.85,10291196,0.652110114,0.039292293,1.00E+10,7,0.08,0.01,0.08,0.01,1.00E+09,7,0.05,0.05,0.05,0.05,0.992,0,0,0,0,0,0,0,0,NA,0,0,0.008,0.0534031,0.8199307,0.0534031,0,0,3,0,0,0,0.1,0.984,0,0,0,0,0,0,0,0,NA,0,0,0.016,0,0.3098283,0.9,0,0,3,0,0,0,0.1,0.1,0.642857143,0.257142857,NA,0.940285714,0.865142857,0.04135,0.0605,,,
PRY,PRY,Paraguay,0.724,6896908,0.61584597,0.098294995,1.00E+10,7,0.24,0.01,0.24,0.01,1.00E+09,7,0.1,0.1,0.1,0.1,0.139,0.527,0.279,0.01,0,0.039,0,0,0,NA,0,0.006,0,0.4667753,0.073792625,0,0,0,3,0,0,0,0.1,0.008,0.308,0.327,0.001,0,0.342,0,0,0,NA,0,0.014,0,0.6624273,0,0,0,0,3,0,0,0,0.1,0.7,0.3,0,NA,0.81,0.62,0.17725,0.3035,,,
PSE,PSE,Palestina,0.69,5052776,0.761644688,0.135827582,1.00E+10,7,0.24,0.01,0.24,0.01,1.00E+09,7,0.1,0.1,0.1,0.1,0.553,0.105,0.332,0.002,0,0,0,0,0,NA,0,0.001,0.007,0.10073,0.472695106,0.0751033,0,0,3,0,0,0,0.1,0.553,0.105,0.332,0.002,0,0,0,0,0,NA,0,0.001,0.007,0.9,0.045413653,0,0,0,3,0,0,0,0.1,NA,NA,NA,NA,NA,NA,NA,NA,,"Urban sanitation technologies data was not available, so national data was used.","Rural sanitation technologies data was not available, so national data was used."
PYF,PYF,French Polynesia,NA,285859,0.618336313,0.071526215,1.00E+10,7,NA,NA,NA,NA,1.00E+09,7,NA,NA,NA,NA,0.173,0.801,0,0.026,0,0,0,0,0,NA,0,0,0,0,0.253063584,0.2,0,0,3,0,0,0,0.1,0.173,0.801,0,0.026,0,0,0,0,0,NA,0,0,0,0,0.253063584,0,0,0,3,0,0,0,0.1,NA,NA,NA,NA,NA,NA,NA,NA,,"Urban sanitation technologies data was not available, so national data was used.","Rural sanitation technologies data was not available, so national data was used."
QAT,QAT,Qatar,0.848,2694849,0.991352762,0.046913983,1.00E+10,7,0.08,0.01,0.08,0.01,1.00E+09,7,0.05,0.05,0.05,0.05,0.877,0.123,0,0,0,0,0,0,0,NA,0,0,0,0,0.54227393,0.9,0,0,3,0,0,0,0.1,0.877,0.123,0,0,0,0,0,0,0,NA,0,0,0,0,0.54227393,0.9,0,0,3,0,0,0,0.1,0.422535211,0.492957746,0.084507042,NA,0.868873239,0.732676056,0.115126761,0.191126761,,"Urban sanitation technologies data was not available, so national data was used.","Rural sanitation technologies data was not available, so national data was used."
REU,REU,Reunion,NA,883247,0.995643348,0.072420888,1.00E+10,7,NA,NA,NA,NA,1.00E+09,7,NA,NA,NA,NA,0.473,0.486,0.029,0,0,0.012,0,0,0,NA,0,0,0,0,0.22,0.2,0,0,3,0,0,0,0.1,0.473,0.486,0.029,0,0,0.012,0,0,0,NA,0,0,0,0,0.22,0,0,0,3,0,0,0,0.1,1,0,0,NA,0.75,0.5,0.2425,0.425,,"Urban sanitation technologies data was not available, so national data was used.","Rural sanitation technologies data was not available, so national data was used."
ROU,ROU,Romania,0.816,19580634,0.539977306,0.048841955,1.00E+10,7,0.08,0.01,0.08,0.01,1.00E+09,7,0.05,0.05,0.05,0.05,0.874,0,0,0,0,0,0,0,0,NA,0,0,0.126,0,0.410110764,0.9,0,0,3,0,0,0,0.1,0.41,0,0,0,0,0,0,0,0,NA,0,0,0.59,0,0.410110764,0.9,0,0,3,0,0,0,0.1,0.272727273,0.727272727,0,NA,0.895454545,0.790909091,0.084318182,0.130454545,,,
RUS,RUS,Russia,0.824,143964709,0.744327243,0.063533253,1.00E+10,7,0.08,0.01,0.08,0.01,1.00E+09,7,0.05,0.05,0.05,0.05,0.962,0,0,0,0,0,0,0,0,NA,0,0,0.038,0.0224127,0.5966687,0.0149962,0,0,3,0,0,0,0.1,0.46,0,0,0,0,0,0,0,0,NA,0,0,0.54,0.142033,0.3152648,0.0950332,0,0,3,0,0,0,0.1,0.416666667,0.5,0.083333333,NA,0.87,0.735,0.113875,0.18875,,,
RWA,RWA,Rwanda,0.536,12501156,0.172108643,0.145543127,1.00E+10,7,0.24,0.01,0.24,0.01,1.00E+09,7,0.1,0.1,0.1,0.1,0.073,0.016,0.018,0.006,0.001,0.756,0.114,0.002,0,NA,0,0.011,0.003,0,0.038519157,0.2,0,0,3,0,0,0,0.1,0.002,0,0.001,0.002,0,0.683,0.271,0.007,0,NA,0,0.034,0.001,0.9,0.071187302,0,0,0,3,0,0,0,0.1,1,0,0,NA,0.75,0.5,0.2425,0.425,,,
SAU,SAU,Saudi Arabia,0.857,33554343,0.838435072,0.085550307,1.00E+10,7,0.08,0.01,0.08,0.01,1.00E+09,7,0.05,0.05,0.05,0.05,0.542,0.457,0,0,0,0.001,0,0,0,NA,0,0,0,0,0.586596259,0.9,0,0,3,0,0,0,0.1,0.542,0.457,0,0,0,0.001,0,0,0,NA,0,0,0,0,0.586596259,0.9,0,0,3,0,0,0,0.1,0.567567568,0.432432432,0,NA,0.836486486,0.672972973,0.148445946,0.249864865,,"Urban sanitation technologies data was not available, so national data was used.","Rural sanitation technologies data was not available, so national data was used."
SDN,SDN,Sudan,0.508,41511526,0.346415041,0.144565192,1.00E+10,7,0.24,0.01,0.24,0.01,1.00E+09,7,0.1,0.1,0.1,0.1,0.024,0.14,0.046,0.005,0.002,0.473,0.236,0.003,0,NA,0,0.05,0.021,0,0.033682664,0.2,0,0,3,0,0,0,0.1,0.001,0.008,0.007,0,0,0.262,0.295,0.004,0.001,NA,0,0.4,0.023,0.9,0.027875308,0,0,0,3,0,0,0,0.1,1,0,0,NA,0.75,0.5,0.2425,0.425,,,
SEN,SEN,Senegal,0.514,16294270,0.471923013,0.156196365,1.00E+10,7,0.24,0.01,0.24,0.01,1.00E+09,7,0.1,0.1,0.1,0.1,0.217,0.57,0.027,0.008,0.002,0.15,0,0,0,NA,0.009,0.011,0.005,0.1757086,0.044520346,0,0,0,3,0,0,0,0.1,0.001,0.26,0.037,0.004,0,0.428,0,0.002,0,NA,0.043,0.217,0.008,0.2100927,0.0043855,0,0,0,3,0,0,0,0.1,1,0,0,NA,0.75,0.5,0.2425,0.425,,,
SGP,SGP,Singapore,0.935,5791901,1,0.044130062,1.00E+10,7,0.08,0.01,0.08,0.01,1.00E+09,7,0.05,0.05,0.05,0.05,1,0,0,0,0,0,0,0,0,NA,0,0,0,0,1,0,0,0,3,0,0,0,0.1,1,0,0,0,0,0,0,0,0,NA,0,0,0,0,1,0.9,0,0,3,0,0,0,0.1,0.02020202,0.474747475,0.505050505,NA,0.966161616,0.902020202,0.018787879,0.028181818,,,"Rural sanitation technologies data was not available, so national data was used."
SGS,SGS,South Georgia and the South Sandwich Islands,NA,NA,NA,NA,1.00E+10,7,NA,NA,NA,NA,1.00E+09,7,NA,NA,NA,NA,NA,NA,NA,NA,NA,NA,NA,NA,NA,NA,NA,NA,NA,0,0.22,0.2,NA,NA,NA,NA,NA,NA,NA,NA,NA,NA,NA,NA,NA,NA,NA,NA,NA,NA,NA,NA,0,0.22,0,NA,NA,NA,NA,NA,NA,NA,NA,NA,NA,NA,NA,NA,NA,NA,No Data,,
SHN,SHN,Saint Helena,NA,4074,0.398134512,NA,1.00E+10,7,NA,NA,NA,NA,1.00E+09,7,NA,NA,NA,NA,NA,NA,NA,NA,NA,NA,NA,NA,NA,NA,NA,NA,NA,0,0.22,0.2,0,0,3,0,0,0,0.1,NA,NA,NA,NA,NA,NA,NA,NA,NA,NA,NA,NA,NA,0,0.22,0,0,0,3,0,0,0,0.1,NA,NA,NA,NA,NA,NA,NA,NA,No Data,"Urban sanitation technologies data was not available, so national data was used.","Rural sanitation technologies data was not available, so national data was used."
SJM,SJM,Svalbard and Jan Mayen,NA,NA,NA,NA,1.00E+10,7,NA,NA,NA,NA,1.00E+09,7,NA,NA,NA,NA,NA,NA,NA,NA,NA,NA,NA,NA,NA,NA,NA,NA,NA,0,0.22,0.2,NA,NA,NA,NA,NA,NA,NA,NA,NA,NA,NA,NA,NA,NA,NA,NA,NA,NA,NA,NA,0,0.22,0,NA,NA,NA,NA,NA,NA,NA,NA,NA,NA,NA,NA,NA,NA,NA,No Data,,
SLB,SLB,Solomon Islands,0.557,623281,0.237486784,0.150180964,1.00E+10,7,0.24,0.01,0.24,0.01,1.00E+09,7,0.1,0.1,0.1,0.1,0.23,0.432,0.129,0.002,0.005,0.142,0.032,0.003,0,NA,0,0.022,0.004,0,0.04312681,0.2,0,0,3,0,0,0,0.1,0.02,0.064,0.038,0.002,0,0.074,0.093,0.002,0,NA,0.024,0.667,0.016,0.9,0.04703053,0,0,0,3,0,0,0,0.1,1,0,0,NA,0.75,0.5,0.2425,0.425,,,
SLE,SLE,Sierra Leone,0.438,7719729,0.42054611,0.145249239,1.00E+10,7,0.24,0.01,0.24,0.01,1.00E+09,7,0.1,0.1,0.1,0.1,0.024,0.114,0.052,0.015,0.006,0.544,0.164,0.001,0.003,NA,0.029,0.04,0.009,0.2008303,0.003072063,0,0,0,3,0,0,0,0.1,0.001,0.006,0.009,0,0,0.257,0.408,0.002,0.002,NA,0.035,0.277,0.002,0.0840419,0.0000685,0,0,0,3,0,0,0,0.1,NA,NA,NA,NA,NA,NA,NA,NA,,,
SLV,SLV,El Salvador,0.667,6411558,0.72023165,0.08883721,1.00E+10,7,0.24,0.01,0.24,0.01,1.00E+09,7,0.1,0.1,0.1,0.1,0.622,0.131,0,0,0,0.21,0,0.021,0,NA,0,0.01,0.005,0,0.111690514,0.2,0,0,3,0,0,0,0.1,0.05,0.147,0,0,0,0.54,0,0.147,0,NA,0,0.108,0.008,0.9,0.111690514,0,0,0,3,0,0,0,0.1,1,0,0,NA,0.75,0.5,0.2425,0.425,,,
SMR,SMR,San Marino,NA,33557,0.972256161,NA,1.00E+10,7,NA,NA,NA,NA,1.00E+09,7,NA,NA,NA,NA,0.85,0.15,0,0,0,0,0,0,0,NA,0,0,0,0,0.22,0.2,0,0,3,0,0,0,0.1,0.85,0.15,0,0,0,0,0,0,0,NA,0,0,0,0,0.22,0,0,0,3,0,0,0,0.1,NA,NA,NA,NA,NA,NA,NA,NA,,"Urban sanitation technologies data was not available, so national data was used.","Rural sanitation technologies data was not available, so national data was used."
SOM,SOM,Somalia,NA,15181925,0.449706806,0.177843456,1.00E+10,7,NA,NA,NA,NA,1.00E+09,7,NA,NA,NA,NA,0.219,0.076,0.307,0.014,0.012,0.295,0.062,0.001,0.004,NA,0.002,0.003,0.003,0,0.234063927,0.2,0,0,3,0,0,0,0.1,0.023,0.012,0.085,0.003,0,0.161,0.185,0.004,0.005,NA,0.008,0.452,0.06,0,0.248695652,0,0,0,3,0,0,0,0.1,NA,NA,NA,NA,NA,NA,NA,NA,,,
SPM,SPM,Saint Pierre and Miquelon,NA,6342,0.90239672,NA,1.00E+10,7,NA,NA,NA,NA,1.00E+09,7,NA,NA,NA,NA,NA,NA,NA,NA,NA,NA,NA,NA,NA,NA,NA,NA,NA,0,0.22,0.2,0,0,3,0,0,0,0.1,NA,NA,NA,NA,NA,NA,NA,NA,NA,NA,NA,NA,NA,0,0.22,0,0,0,3,0,0,0,0.1,1,0,0,NA,0.75,0.5,0.2425,0.425,No Data,"Urban sanitation technologies data was not available, so national data was used.","Rural sanitation technologies data was not available, so national data was used."
SRB,SRB,Serbia,0.799,8762027,0.56091781,0.047961458,1.00E+10,7,0.24,0.01,0.24,0.01,1.00E+09,7,0.1,0.1,0.1,0.1,0.989,0,0,0,0,0,0,0,0,NA,0,0,0.011,0.0507072,0.1708251,0.0103853,0,0,3,0,0,0,0.1,0.913,0,0,0,0,0,0,0,0,NA,0,0,0.087,0.9,0.0417479,0,0,0,3,0,0,0,0.1,0.594594595,0.27027027,0.135135135,NA,0.836486486,0.664864865,0.151486486,0.260810811,,,
SSD,SSD,South Sudan,0.413,12919053,0.196149362,0.152531118,1.00E+10,7,0.24,0.01,0.24,0.01,1.00E+09,7,0.1,0.1,0.1,0.1,0,0,0,0,0,0.802,0,0,0.003,NA,0,0.175,0,0,0.012163489,0.2,0,0,3,0,0,0,0.1,0,0,0,0,0,0.292,0,0,0,NA,0,0.707,0.001,0.9,0.012163489,0,0,0,3,0,0,0,0.1,NA,NA,NA,NA,NA,NA,NA,NA,1.98,,
STP,STP,São Tomé and Príncipe,0.609,208818,0.728031108,0.144888917,1.00E+10,7,0.24,0.01,0.24,0.01,1.00E+09,7,0.1,0.1,0.1,0.1,0.214,0.044,0.039,0,0,0.273,0,0,0.003,NA,0,0.419,0.008,0,0.067317537,0.2,0,0,3,0,0,0,0.1,0.096,0.028,0.019,0,0,0.233,0,0,0.002,NA,0,0.613,0.01,0.9,0.067317537,0,0,0,3,0,0,0,0.1,NA,NA,NA,NA,NA,NA,NA,NA,,,
SUR,SUR,Suriname,0.724,568301,0.660595354,0.088958362,1.00E+10,7,0.24,0.01,0.24,0.01,1.00E+09,7,0.1,0.1,0.1,0.1,0.017,0.894,0.006,0,0.001,0.06,0.017,0,0,NA,0,0.002,0.002,0,0.183701706,0.2,0,0,3,0,0,0,0.1,0.009,0.455,0.032,0.001,0,0.247,0.05,0.001,0.001,NA,0.001,0.185,0.018,0.9,0.204113007,0,0,0,3,0,0,0,0.1,0.5,0.5,0,NA,0.85,0.7,0.13375,0.2225,,,
SVK,SVK,Slovakia,0.857,5449816,0.537257221,0.051961456,1.00E+10,7,0.08,0.01,0.08,0.01,1.00E+09,7,0.05,0.05,0.05,0.05,0.998,0,0,0,0,0,0,0,0,NA,0,0,0.002,0.0522723,0.7807785,0.0505958,0,0,3,0,0,0,0.1,0.974,0,0,0,0,0,0,0,0,NA,0,0,0.026,0.1220596,0.5170624,0.1181449,0,0,3,0,0,0,0.1,0.016949153,0.796610169,0.186440678,NA,0.954067797,0.896949153,0.024771186,0.026864407,,,
SVN,SVN,Slovenia,0.902,2081260,0.545406629,0.048713474,1.00E+10,7,0.08,0.01,0.08,0.01,1.00E+09,7,0.05,0.05,0.05,0.05,0.4995,0,0,0,0,0,0,0,0,NA,0,0,0.0005,0,0.868844596,0.9,0,0,3,0,0,0,0.1,0.4985,0,0,0,0,0,0,0,0,NA,0,0,0.0015,0,0.868844596,0.9,0,0,3,0,0,0,0.1,0.018518519,0.666666667,0.314814815,NA,0.958888889,0.898888889,0.022416667,0.0275,Error (check),,
SWE,SWE,Sweden,0.937,9982709,0.874310871,0.059553809,1.00E+10,7,0.08,0.01,0.08,0.01,1.00E+09,7,0.05,0.05,0.05,0.05,1,0,0,0,0,0,0,0,0,NA,0,0,0,0.0352971,0.8714254,0.0352971,0,0,3,0,0,0,0.1,1,0,0,0,0,0,0,0,0,NA,0,0,0,0.0631544,0.7517166,0.0631544,0,0,3,0,0,0,0.1,0,0.046511628,0.953488372,NA,0.988139535,0.919069767,0.004976744,0.02,,,
SWZ,SWZ,Swaziland,0.608,1391385,0.23799236,0.123841974,1.00E+10,7,0.24,0.01,0.24,0.01,1.00E+09,7,0.1,0.1,0.1,0.1,0.316,0.179,0.015,0.004,0.002,0.428,0.049,0,0,NA,0,0.005,0,0,0.103237772,0.2,0,0,3,0,0,0,0.1,0.02,0.038,0.007,0,0.001,0.715,0.074,0,0,NA,0,0.144,0.001,0.9,0.0100481,0,0,0,3,0,0,0,0.1,1,0,0,NA,0.75,0.5,0.2425,0.425,,,
SXM,SXM,Sint Maarten,NA,40552,1,NA,1.00E+10,7,NA,NA,NA,NA,1.00E+09,7,NA,NA,NA,NA,0.1,0.425,0,0,0.462,0,0,0,0,NA,0,0.002,0.011,0,0.22,0.2,0,0,3,0,0,0,0.1,0.1,0.425,0,0,0.462,0,0,0,0,NA,0,0.002,0.011,0,0.22,0,0,0,3,0,0,0,0.1,NA,NA,NA,NA,NA,NA,NA,NA,,"Urban sanitation technologies data was not available, so national data was used.","Rural sanitation technologies data was not available, so national data was used."
SYC,SYC,Seychelles,0.801,95235,0.566902924,0.081014846,1.00E+10,7,0.08,0.01,0.08,0.01,1.00E+09,7,0.05,0.05,0.05,0.05,0.17,0.79,0,0,0,0.04,0,0,0,NA,0,0,0,0,0.359777138,0.9,0,0,3,0,0,0,0.1,0.17,0.79,0,0,0,0.04,0,0,0,NA,0,0,0,0,0.359777138,0.9,0,0,3,0,0,0,0.1,NA,NA,NA,NA,NA,NA,NA,NA,,"Urban sanitation technologies data was not available, so national data was used.","Rural sanitation technologies data was not available, so national data was used."
SYR,SYR,Syria,0.549,18284407,0.541621995,0.109658512,1.00E+10,7,0.24,0.01,0.24,0.01,1.00E+09,7,0.1,0.1,0.1,0.1,0,0,0,0,0,1,0,0,0,NA,0,0,0,0,0.039871061,0.2,0,0,3,0,0,0,0.1,0,0,0,0,0,1,0,0,0,NA,0,0,0,0.9,0.039871061,0,0,0,3,0,0,0,0.1,0.410958904,0.493150685,0.095890411,NA,0.871643836,0.737534247,0.112369863,0.186438356,,,
TCA,TCA,Turks and Caicos Islands,NA,35963,0.930984623,NA,1.00E+10,7,NA,NA,NA,NA,1.00E+09,7,NA,NA,NA,NA,0.092,0.544,0,0,0,0.342,0,0,0,NA,0,0.014,0.008,0,0.22,0.2,0,0,3,0,0,0,0.1,0.092,0.544,0,0,0,0.342,0,0,0,NA,0,0.014,0.008,0,0.22,0,0,0,3,0,0,0,0.1,NA,NA,NA,NA,NA,NA,NA,NA,,"Urban sanitation technologies data was not available, so national data was used.","Rural sanitation technologies data was not available, so national data was used."
TCD,TCD,Chad,0.401,15353184,0.230589238,0.17840376,1.00E+10,7,0.24,0.01,0.24,0.01,1.00E+09,7,0.1,0.1,0.1,0.1,0,0.041,0.012,0.003,0,0.475,0.287,0,0.001,NA,0.01,0.171,0.002,0,0,0.2,0,0,3,0,0,0,0.1,0,0.001,0.001,0,0,0.036,0.109,0,0.001,NA,0.008,0.844,0,0.9,0.010953782,0,0,0,3,0,0,0,0.1,1,0,0,NA,0.75,0.5,0.2425,0.425,,,
TGO,TGO,Togo,0.513,7990926,0.417016501,0.147372721,1.00E+10,7,0.24,0.01,0.24,0.01,1.00E+09,7,0.1,0.1,0.1,0.1,0.012,0.408,0.046,0.005,0.001,0.336,0.057,0,0,NA,0,0.131,0.003,0,0.04125183,0.2,0,0,3,0,0,0,0.1,0,0.041,0.005,0,0,0.147,0.087,0.011,0,NA,0.003,0.706,0,0.9,0.029118939,0,0,0,3,0,0,0,0.1,1,0,0,NA,0.75,0.5,0.2425,0.425,,,
THA,THA,Thailand,0.765,69183173,0.499486747,0.051519386,1.00E+10,7,0.24,0.01,0.24,0.01,1.00E+09,7,0.1,0.1,0.1,0.1,0.108,0.866,0.021,0.003,0,0.001,0,0,0,NA,0,0.001,0,0,0.27005395,0.2,0,0,3,0,0,0,0.1,0.052,0.896,0.046,0,0,0.001,0,0,0,NA,0,0.004,0,0.9,0.262755194,0,0,0,3,0,0,0,0.1,NA,NA,NA,NA,NA,NA,NA,NA,,,
TJK,TJK,Tajikistan,0.656,9107211,0.271343774,0.142252142,1.00E+10,7,0.24,0.01,0.24,0.01,1.00E+09,7,0.1,0.1,0.1,0.1,0.503,0.003,0.044,0.001,0,0.445,0.001,0.002,0,NA,0,0,0,0,0.101666045,0.2,0,0,3,0,0,0,0.1,0.005,0.002,0.02,0,0,0.961,0.004,0.002,0.005,NA,0.001,0,0,0.9,0.101464327,0,0,0,3,0,0,0,0.1,1,0,0,NA,0.75,0.5,0.2425,0.425,,,
TKL,TKL,Tokelau,NA,1319,0,NA,1.00E+10,7,NA,NA,NA,NA,1.00E+09,7,NA,NA,NA,NA,NA,NA,NA,NA,NA,NA,NA,NA,NA,NA,NA,NA,NA,0,0.22,0.2,0,0,3,0,0,0,0.1,NA,NA,NA,NA,NA,NA,NA,NA,NA,NA,NA,NA,NA,0,0.22,0,0,0,3,0,0,0,0.1,NA,NA,NA,NA,NA,NA,NA,NA,No Data,"Urban sanitation technologies data was not available, so national data was used.","Rural sanitation technologies data was not available, so national data was used."
TKM,TKM,Turkmenistan,0.71,5851466,0.515933443,0.109607777,1.00E+10,7,0.24,0.01,0.24,0.01,1.00E+09,7,0.1,0.1,0.1,0.1,0.489,0.021,0.032,0,0,0.456,0.001,0,0,NA,0,0.001,0,0,0.162568635,0.2,0,0,3,0,0,0,0.1,0.001,0,0.005,0,0,0.974,0.015,0,0,NA,0,0.005,0,0.9,0.162568635,0,0,0,3,0,0,0,0.1,0.625,0.375,0,NA,0.825,0.65,0.1609375,0.273125,,,
TLS,TLS,Timor-Leste,0.626,1324094,0.305778895,0.135071547,1.00E+10,7,0.24,0.01,0.24,0.01,1.00E+09,7,0.1,0.1,0.1,0.1,0,0.356,0.337,0.071,0.008,0.186,0.004,0.001,0.007,NA,0.006,0.023,0,0,0,0.2,0,0,3,0,0,0,0.1,0,0.134,0.21,0.037,0.022,0.17,0.019,0.011,0.009,NA,0.069,0.319,0,0.9,0,0,0,0,3,0,0,0,0.1,NA,NA,NA,NA,NA,NA,NA,NA,,,
TON,TON,Tonga,0.717,109008,0.231313298,0.11543374,1.00E+10,7,0.24,0.01,0.24,0.01,1.00E+09,7,0.1,0.1,0.1,0.1,NA,NA,NA,NA,NA,NA,NA,NA,NA,NA,NA,NA,NA,0,0.172812429,0.2,0,0,3,0,0,0,0.1,NA,NA,NA,NA,NA,NA,NA,NA,NA,NA,NA,NA,NA,0.9,0.172812429,0,0,0,3,0,0,0,0.1,NA,NA,NA,NA,NA,NA,NA,NA,No Data,"Urban sanitation technologies data was not available, so national data was used.","Rural sanitation technologies data was not available, so national data was used."
TTO,TTO,Trinidad and Tobago,0.799,1372598,0.531841807,0.063141528,1.00E+10,7,0.24,0.01,0.24,0.01,1.00E+09,7,0.1,0.1,0.1,0.1,0.159,0.3055,0,0.0005,0.0035,0.024,0.006,0,0,NA,0,0.0005,0.001,0,0.354662098,0.2,0,0,3,0,0,0,0.1,0.014,0.4165,0,0,0,0.067,0.002,0,0,NA,0,0,0.0005,0.9,0.353550304,0,0,0,3,0,0,0,0.1,1,0,0,NA,0.75,0.5,0.2425,0.425,Error (check),,
TUN,TUN,Tunisia,0.739,11659174,0.689450728,0.084963741,1.00E+10,7,0.24,0.01,0.24,0.01,1.00E+09,7,0.1,0.1,0.1,0.1,0.341,0.093,0,0.0045,0,0.49,0,0,0,NA,0,0.0005,0.0705,0.0614009,0.770859843,0.0607068,0,0,3,0,0,0,0.1,0.041,0.364,0,0.0465,0,0.398,0,0,0,NA,0,0.014,0.1365,0.9,0.157804329,0,0,0,3,0,0,0,0.1,0.811320755,0.188679245,0,NA,0.787735849,0.575471698,0.201462264,0.348584906,,,
TUR,TUR,Turkey,0.807,81916871,0.751428701,0.077866026,1.00E+10,7,0.08,0.01,0.08,0.01,1.00E+09,7,0.05,0.05,0.05,0.05,NA,NA,NA,NA,NA,NA,NA,NA,NA,NA,NA,NA,NA,0.0089341,0.6812018,0.0063042,0,0,3,0,0,0,0.1,NA,NA,NA,NA,NA,NA,NA,NA,NA,NA,NA,NA,NA,0,0.3025764,0.9,0,0,3,0,0,0,0.1,0.285714286,0.387755102,0.326530612,NA,0.905918367,0.792244898,0.080285714,0.135714286,No Data,"Urban sanitation technologies data was not available, so national data was used.","Rural sanitation technologies data was not available, so national data was used."
TUV,TUV,Tuvalu,NA,11287,0.623903606,NA,1.00E+10,7,NA,NA,NA,NA,1.00E+09,7,NA,NA,NA,NA,0.806,0.038,0,0,0,0.092,0.027,0,0.011,NA,0,0.015,0.011,0.0418393,0,0,0,0,3,0,0,0,0.1,0.63,0.15,0,0,0,0.044,0.088,0.001,0.006,NA,0,0.073,0.008,0.0972453,0,0,0,0,3,0,0,0,0.1,NA,NA,NA,NA,NA,NA,NA,NA,,,
TWN,TWN,Taiwan,NA,23694089,0.781557417,0.042454824,1.00E+10,7,NA,NA,NA,NA,1.00E+09,7,NA,NA,NA,NA,NA,NA,NA,NA,NA,NA,NA,NA,NA,NA,NA,NA,NA,0,0.22,0.2,0,0,3,0,0,0,0.1,NA,NA,NA,NA,NA,NA,NA,NA,NA,NA,NA,NA,NA,0,0.22,0,0,0,3,0,0,0,0.1,0.722222222,0.277777778,0,NA,0.805555556,0.611111111,0.182083333,0.3125,No Data,"Urban sanitation technologies data was not available, so national data was used.","Rural sanitation technologies data was not available, so national data was used."
TZA,TZA,Tanzania,0.528,59091392,0.337757232,0.163032231,1.00E+10,7,0.24,0.01,0.24,0.01,1.00E+09,7,0.1,0.1,0.1,0.1,0.023,0.276,0.242,0.03,0.001,0.32,0.099,0.004,0,NA,0,0.006,0,0.3082662,0.014173122,0,0,0,3,0,0,0,0.1,0.004,0.041,0.057,0.005,0.002,0.364,0.405,0.02,0.001,NA,0.001,0.097,0.003,0.2231534,0.00157995,0,0,0,3,0,0,0,0.1,1,0,0,NA,0.75,0.5,0.2425,0.425,,,
UGA,UGA,Uganda,0.528,44270563,0.237744503,0.170438753,1.00E+10,7,0.24,0.01,0.24,0.01,1.00E+09,7,0.1,0.1,0.1,0.1,0.014,0.062,0.039,0.002,0.006,0.506,0.35,0.009,0,NA,0,0.012,0,0,0.004851543,0.2,0,0,3,0,0,0,0.1,0.002,0.002,0,0,0,0.226,0.676,0.001,0.001,NA,0.002,0.081,0.01,0.9,0.0005484,0,0,0,3,0,0,0,0.1,1,0,0,NA,0.75,0.5,0.2425,0.425,,,
UKR,UKR,Ukraine,0.75,44009214,0.693524542,0.048334514,1.00E+10,7,0.24,0.01,0.24,0.01,1.00E+09,7,0.1,0.1,0.1,0.1,0.699,0.018,0.071,0,0,0.202,0.006,0.003,0.001,NA,0,0,0,0.1310977,0.4446968,0.0819112,0,0,3,0,0,0,0.1,0.059,0.022,0.07,0,0.001,0.806,0.02,0.012,0.009,NA,0,0.001,0,0.9,0.0155716,0,0,0,3,0,0,0,0.1,0.5,0.5,0,NA,0.85,0.7,0.13375,0.2225,,,
UMI,UMI,United States Minor Outlying Islands,NA,NA,NA,NA,1.00E+10,7,NA,NA,NA,NA,1.00E+09,7,NA,NA,NA,NA,NA,NA,NA,NA,NA,NA,NA,NA,NA,NA,NA,NA,NA,0,0.22,0.2,NA,NA,NA,NA,NA,NA,NA,NA,NA,NA,NA,NA,NA,NA,NA,NA,NA,NA,NA,NA,0,0.22,0,NA,NA,NA,NA,NA,NA,NA,NA,NA,NA,NA,NA,NA,NA,NA,No Data,,
URY,URY,Uruguay,0.808,3469551,0.953340072,0.068127403,1.00E+10,7,0.08,0.01,0.08,0.01,1.00E+09,7,0.05,0.05,0.05,0.05,0.63,0.325,0,0.001,0,0.036,0,0,0,NA,0,0.004,0.005,0,0.383054517,0.9,0,0,3,0,0,0,0.1,0.011,0.868,0,0.002,0,0.097,0,0,0,NA,0,0.007,0.015,0,0.451983359,0.9,0,0,3,0,0,0,0.1,0.860465116,0.139534884,0,NA,0.777906977,0.555813953,0.212151163,0.368488372,,,
USA,USA,United States,0.92,326766748,0.822564461,0.059444636,1.00E+10,7,0.08,0.01,0.08,0.01,1.00E+09,7,0.05,0.05,0.05,0.05,0.937,0.063,0,0,0,0,0,0,0,NA,0,0,0,0.0163308,0.9222411,0.0161154,0,0,3,0,0,0,0.1,0.322,0.677,0,0,0,0,0,0,0,NA,0,0,0.001,0,0.3059011,0.9,0,0,3,0,0,0,0.1,0.013513514,0.445945946,0.540540541,NA,0.968918919,0.905405405,0.016587838,0.025472973,,,
UZB,UZB,Uzbekistan,0.71,32364996,0.504780597,0.102531196,1.00E+10,7,0.24,0.01,0.24,0.01,1.00E+09,7,0.1,0.1,0.1,0.1,0.386,0.009,0.096,0,0,0.507,0.002,0,0,NA,0,0,0,0,0.162568635,0.2,0,0,3,0,0,0,0.1,0.003,0.001,0.048,0,0,0.941,0.007,0,0,NA,0,0,0,0.9,0.162568635,0,0,0,3,0,0,0,0.1,0.833333333,0.166666667,0,NA,0.783333333,0.566666667,0.20625,0.3575,,,
VAT,VAT,Vatican City,NA,801,1,NA,1.00E+10,7,NA,NA,NA,NA,1.00E+09,7,NA,NA,NA,NA,NA,NA,NA,NA,NA,NA,NA,NA,NA,NA,NA,NA,NA,0,0.22,0.2,0,0,3,0,0,0,0.1,NA,NA,NA,NA,NA,NA,NA,NA,NA,NA,NA,NA,NA,0,0.22,0,0,0,3,0,0,0,0.1,NA,NA,NA,NA,NA,NA,NA,NA,No Data,"Urban sanitation technologies data was not available, so national data was used.","Rural sanitation technologies data was not available, so national data was used."
VCT,VCT,Saint Vincent and the Grenadines,0.728,110200,0.521978221,0.069456587,1.00E+10,7,0.24,0.01,0.24,0.01,1.00E+09,7,0.1,0.1,0.1,0.1,0.027,0.657,0,0,0,0.259,0,0,0,NA,0,0.046,0.011,0,0.190229508,0.2,0,0,3,0,0,0,0.1,0.027,0.657,0,0,0,0.259,0,0,0,NA,0,0.046,0.011,0.9,0.190229508,0,0,0,3,0,0,0,0.1,1,0,0,NA,0.75,0.5,0.2425,0.425,,"Urban sanitation technologies data was not available, so national data was used.","Rural sanitation technologies data was not available, so national data was used."
VEN,VEN,Venezuela,0.726,32381221,0.882076652,0.083113439,1.00E+10,7,0.24,0.01,0.24,0.01,1.00E+09,7,0.1,0.1,0.1,0.1,0.776,0.179,0,0,0.008,0.009,0,0,0,NA,0,0.027,0,0,0.186937115,0.2,0,0,3,0,0,0,0.1,0.097,0.526,0,0,0.044,0.051,0,0,0,NA,0,0.282,0,0.9,0.186937115,0,0,0,3,0,0,0,0.1,0.818181818,0.181818182,0,NA,0.786363636,0.572727273,0.202954545,0.351363636,,,
VGB,VGB,British Virgin Islands,NA,31719,0.477221854,NA,1.00E+10,7,NA,NA,NA,NA,1.00E+09,7,NA,NA,NA,NA,0.32,0.64,0,0,0,0.01,0,0,0,NA,0,0,0.03,0,0.22,0.2,0,0,3,0,0,0,0.1,0.32,0.64,0,0,0,0.01,0,0,0,NA,0,0,0.03,0,0.22,0,0,0,3,0,0,0,0.1,NA,NA,NA,NA,NA,NA,NA,NA,,"Urban sanitation technologies data was not available, so national data was used.","Rural sanitation technologies data was not available, so national data was used."
VIR,VIR,"Virgin Islands, U.S.",NA,104914,0.957203042,0.057171313,1.00E+10,7,NA,NA,NA,NA,1.00E+09,7,NA,NA,NA,NA,0.466,0.524,0,0,0,0,0,0,0,NA,0,0,0.01,0,0.22,0.2,0,0,3,0,0,0,0.1,0.466,0.524,0,0,0,0,0,0,0,NA,0,0,0.01,0,0.22,0,0,0,3,0,0,0,0.1,0.833333333,0.166666667,0,NA,0.783333333,0.566666667,0.20625,0.3575,,"Urban sanitation technologies data was not available, so national data was used.","Rural sanitation technologies data was not available, so national data was used."
VNM,VNM,Vietnam,0.693,96491146,0.359193174,0.081082658,1.00E+10,7,0.24,0.01,0.24,0.01,1.00E+09,7,0.1,0.1,0.1,0.1,0.013,0.877,0.01,0.006,0.001,0.017,0.009,0.013,0,NA,0.026,0.026,0.002,0,0.204831646,0.2,0,0,3,0,0,0,0.1,0.004,0.537,0.039,0.011,0.001,0.097,0.049,0.088,0.001,NA,0.093,0.073,0.007,0.9,0.52555488,0,0,0,3,0,0,0,0.1,1,0,0,NA,0.75,0.5,0.2425,0.425,,,
VUT,VUT,Vanuatu,0.597,282117,0.252735567,0.137001465,1.00E+10,7,0.24,0.01,0.24,0.01,1.00E+09,7,0.1,0.1,0.1,0.1,0,0.704,0.036,0,0,0.172,0.075,0,0,NA,0,0.008,0.005,0,0.06062254,0.2,0,0,3,0,0,0,0.1,0,0.034,0.066,0,0,0.451,0.404,0,0,NA,0,0.04,0.005,0.9,0.06062254,0,0,0,3,0,0,0,0.1,NA,NA,NA,NA,NA,NA,NA,NA,,,
WLF,WLF,Wallis and Futuna,NA,11683,0,NA,1.00E+10,7,NA,NA,NA,NA,1.00E+09,7,NA,NA,NA,NA,NA,NA,NA,NA,NA,NA,NA,NA,NA,NA,NA,NA,NA,0,0.22,0.2,0,0,3,0,0,0,0.1,NA,NA,NA,NA,NA,NA,NA,NA,NA,NA,NA,NA,NA,0,0.22,0,0,0,3,0,0,0,0.1,NA,NA,NA,NA,NA,NA,NA,NA,No Data,"Urban sanitation technologies data was not available, so national data was used.","Rural sanitation technologies data was not available, so national data was used."
WSM,WSM,Samoa,0.707,197695,0.182432535,0.13603145,1.00E+10,7,0.24,0.01,0.24,0.01,1.00E+09,7,0.1,0.1,0.1,0.1,0,0.956,0,0,0.034,0.005,0.005,0,0,NA,0,0,0,0.3749944,0.002414,0,0,0,3,0,0,0,0.1,0,0.855,0,0,0.109,0.023,0.012,0,0,NA,0,0.001,0,0.5080804,0.000868,0,0,0,3,0,0,0,0.1,NA,NA,NA,NA,NA,NA,NA,NA,,,
XAD,XAD,Akrotiri and Dhekelia,NA,NA,NA,NA,1.00E+10,7,NA,NA,NA,NA,1.00E+09,7,NA,NA,NA,NA,NA,NA,NA,NA,NA,NA,NA,NA,NA,NA,NA,NA,NA,0,0.22,0.2,NA,NA,NA,NA,NA,NA,NA,NA,NA,NA,NA,NA,NA,NA,NA,NA,NA,NA,NA,NA,0,0.22,0,NA,NA,NA,NA,NA,NA,NA,NA,NA,NA,NA,NA,NA,NA,NA,No Data,,
XCA,XCA,Caspian Sea,NA,NA,NA,NA,1.00E+10,7,NA,NA,NA,NA,1.00E+09,7,NA,NA,NA,NA,NA,NA,NA,NA,NA,NA,NA,NA,NA,NA,NA,NA,NA,0,0.22,0.2,NA,NA,NA,NA,NA,NA,NA,NA,NA,NA,NA,NA,NA,NA,NA,NA,NA,NA,NA,NA,0,0.22,0,NA,NA,NA,NA,NA,NA,NA,NA,NA,NA,NA,NA,NA,NA,NA,No Data,,
XCL,XCL,Clipperton Island,NA,NA,NA,NA,1.00E+10,7,NA,NA,NA,NA,1.00E+09,7,NA,NA,NA,NA,NA,NA,NA,NA,NA,NA,NA,NA,NA,NA,NA,NA,NA,0,0.22,0.2,NA,NA,NA,NA,NA,NA,NA,NA,NA,NA,NA,NA,NA,NA,NA,NA,NA,NA,NA,NA,0,0.22,0,NA,NA,NA,NA,NA,NA,NA,NA,NA,NA,NA,NA,NA,NA,NA,No Data,,
XKO,XKO,Kosovo,NA,NA,NA,NA,1.00E+10,7,NA,NA,NA,NA,1.00E+09,7,NA,NA,NA,NA,NA,NA,NA,NA,NA,NA,NA,NA,NA,NA,NA,NA,NA,0,0.22,0.2,NA,NA,NA,NA,NA,NA,NA,NA,NA,NA,NA,NA,NA,NA,NA,NA,NA,NA,NA,NA,0,0.22,0,NA,NA,NA,NA,NA,NA,NA,NA,NA,NA,NA,NA,NA,NA,NA,No Data,,
XNC,XNC,Northern Cyprus,NA,NA,NA,NA,1.00E+10,7,NA,NA,NA,NA,1.00E+09,7,NA,NA,NA,NA,NA,NA,NA,NA,NA,NA,NA,NA,NA,NA,NA,NA,NA,0,0.22,0.2,NA,NA,NA,NA,NA,NA,NA,NA,NA,NA,NA,NA,NA,NA,NA,NA,NA,NA,NA,NA,0,0.22,0,NA,NA,NA,NA,NA,NA,NA,NA,NA,NA,NA,NA,NA,NA,NA,No Data,,
XPI,XPI,Paracel Islands,NA,NA,NA,NA,1.00E+10,7,NA,NA,NA,NA,1.00E+09,7,NA,NA,NA,NA,NA,NA,NA,NA,NA,NA,NA,NA,NA,NA,NA,NA,NA,0,0.22,0.2,NA,NA,NA,NA,NA,NA,NA,NA,NA,NA,NA,NA,NA,NA,NA,NA,NA,NA,NA,NA,0,0.22,0,NA,NA,NA,NA,NA,NA,NA,NA,NA,NA,NA,NA,NA,NA,NA,No Data,,
XSP,XSP,Spratly Islands,NA,NA,NA,NA,1.00E+10,7,NA,NA,NA,NA,1.00E+09,7,NA,NA,NA,NA,NA,NA,NA,NA,NA,NA,NA,NA,NA,NA,NA,NA,NA,0,0.22,0.2,NA,NA,NA,NA,NA,NA,NA,NA,NA,NA,NA,NA,NA,NA,NA,NA,NA,NA,NA,NA,0,0.22,0,NA,NA,NA,NA,NA,NA,NA,NA,NA,NA,NA,NA,NA,NA,NA,No Data,,
YEM,YEM,Yemen,0.463,28915284,0.366424207,0.137977282,1.00E+10,7,0.24,0.01,0.24,0.01,1.00E+09,7,0.1,0.1,0.1,0.1,0.644,0.226,0,0,0,0.08,0,0,0.023,NA,0,0.024,0.002,0.0690338,0.5434455,0.0576051,0,0,3,0,0,0,0.1,0.062,0.283,0,0,0,0.219,0,0,0.098,NA,0,0.334,0.004,0.9,0.0038942,0,0,0,3,0,0,0,0.1,0.4,0.4,0.2,NA,0.878,0.744,0.1078,0.182,,,
ZAF,ZAF,South Africa,0.705,57398421,0.663550814,0.097202366,1.00E+10,7,0.24,0.01,0.24,0.01,1.00E+09,7,0.1,0.1,0.1,0.1,0.313,0.557,0,0,0,0.1,0,0,0.019,NA,0,0.01,0.001,0,0.155625547,0.2,0,0,3,0,0,0,0.1,0.052,0.077,0,0,0,0.815,0,0,0.023,NA,0,0.031,0.001,0.9,0.155625547,0,0,0,3,0,0,0,0.1,1,0,0,NA,0.75,0.5,0.2425,0.425,,,
ZMB,ZMB,Zambia,0.591,17609178,0.435209241,0.160273121,1.00E+10,7,0.24,0.01,0.24,0.01,1.00E+09,7,0.1,0.1,0.1,0.1,0.214,0.127,0.012,0.003,0,0.434,0.177,0,0,NA,0,0.029,0.004,0,0.058335517,0.2,0,0,3,0,0,0,0.1,0.006,0.005,0.001,0.001,0,0.13,0.506,0,0,NA,0.004,0.338,0.008,0.9,0.067117208,0,0,0,3,0,0,0,0.1,0.8,0.2,0,NA,0.79,0.58,0.199,0.344,,,
ZWE,ZWE,Zimbabwe,0.563,16913261,0.322085315,0.141119444,1.00E+10,7,0.24,0.01,0.24,0.01,1.00E+09,7,0.1,0.1,0.1,0.1,0.784,0.102,0.016,0.008,0.001,0.067,0.005,0,0.007,NA,0,0.011,0,0.0343757,0.118698171,0.0110469,0,0,3,0,0,0,0.1,0.026,0.019,0.002,0,0,0.51,0.108,0,0.001,NA,0,0.331,0.002,0.9,0.0032482,0,0,0,3,0,0,0,0.1,1,0,0,NA,0.75,0.5,0.2425,0.425,,,