"Country or Area Code","Country or Area","Year","Value","Value Footnotes","Unit"
"8","Albania","2015","8","","%"
"8","Albania","2014","7","","%"
"8","Albania","2012","22","","%"
"8","Albania","2009","7.30000019073486","","%"
"8","Albania","2008","7.30000019073486","","%"
"8","Albania","2007","5.59999990463257","","%"
"8","Albania","2006","0.800000011920929","","%"
"8","Albania","2005","0.800000011920929","","%"
"12","Algeria","2015","65","","%"
"12","Algeria","2014","65","","%"
"12","Algeria","2013","65","","%"
"12","Algeria","2012","65","","%"
"12","Algeria","2011","61","","%"
"12","Algeria","2010","60","","%"
"12","Algeria","2009","56","","%"
"12","Algeria","2008","53","","%"
"12","Algeria","2007","48","","%"
"12","Algeria","2006","45","","%"
"12","Algeria","2005","39","","%"
"12","Algeria","2004","39","","%"
"12","Algeria","2003","32","","%"
"12","Algeria","2002","32","","%"
"12","Algeria","2001","30","","%"
"12","Algeria","2000","30","","%"
"20","Andorra","2015","100","","%"
"20","Andorra","2014","100","","%"
"20","Andorra","2013","100","","%"
"20","Andorra","2012","100","","%"
"20","Andorra","2011","100","","%"
"20","Andorra","2010","98","","%"
"20","Andorra","2009","98","","%"
"20","Andorra","2008","98","","%"
"20","Andorra","2007","98","","%"
"20","Andorra","2006","86.4000015258789","1","%"
"20","Andorra","2005","47.7000007629395","2","%"
"20","Andorra","2004","31.1000003814697","","%"
"20","Andorra","2003","19.6000003814697","","%"
"20","Andorra","2002","17.0799999237061","","%"
"20","Andorra","2001","3.5","","%"
"20","Andorra","2000","3.61999988555908","","%"
"20","Andorra","1999","3.74000000953674","","%"
"24","Angola","2011","17.7999992370605","","%"
"32","Argentina","2010","50.2099990844727","","%"
"32","Argentina","2001","42.5","","%"
"51","Armenia","2015","60.6114540100098","","%"
"51","Armenia","2014","59.4460411071777","","%"
"51","Armenia","2013","59.0092926025391","","%"
"51","Armenia","2012","55.5375709533691","","%"
"51","Armenia","2011","55.4020957946777","","%"
"51","Armenia","2010","55.1963157653809","","%"
"51","Armenia","2009","54.9379539489746","","%"
"51","Armenia","2008","54.6919479370117","","%"
"51","Armenia","2007","54.443717956543","","%"
"51","Armenia","2006","54.2429695129395","","%"
"51","Armenia","2005","54.0582160949707","","%"
"51","Armenia","2004","53.8681526184082","","%"
"51","Armenia","2003","53.6969947814941","","%"
"51","Armenia","2002","53.489501953125","","%"
"51","Armenia","2001","53.0225868225098","","%"
"51","Armenia","2000","52.7841453552246","","%"
"51","Armenia","1999","52.4556732177734","","%"
"51","Armenia","1998","52.0800018310547","","%"
"51","Armenia","1997","51.821159362793","","%"
"51","Armenia","1996","51.4449005126953","","%"
"51","Armenia","1995","50.1989135742188","","%"
"51","Armenia","1990","63.9000015258789","","%"
"40","Austria","2014","100","","%"
"40","Austria","2012","100","","%"
"40","Austria","2010","100","","%"
"40","Austria","2008","100","","%"
"40","Austria","2006","100","","%"
"40","Austria","2004","100","","%"
"40","Austria","2003","100","","%"
"40","Austria","2002","100","","%"
"40","Austria","2001","100","","%"
"40","Austria","2000","100","","%"
"40","Austria","1998","99","","%"
"40","Austria","1995","98","","%"
"40","Austria","1990","100","","%"
"31","Azerbaijan","2015","18.8999996185303","","%"
"31","Azerbaijan","2014","18.5","","%"
"31","Azerbaijan","2013","18.3999996185303","","%"
"31","Azerbaijan","2012","14.3999996185303","","%"
"31","Azerbaijan","2011","14.1000003814697","","%"
"31","Azerbaijan","2010","14.1000003814697","","%"
"31","Azerbaijan","2009","14.1000003814697","","%"
"31","Azerbaijan","2008","13.8000001907349","","%"
"31","Azerbaijan","2007","13.8999996185303","","%"
"31","Azerbaijan","2006","13.6000003814697","","%"
"31","Azerbaijan","2005","13.6000003814697","","%"
"31","Azerbaijan","2004","13.5","","%"
"31","Azerbaijan","2003","13.1000003814697","","%"
"48","Bahrain","2015","88","","%"
"48","Bahrain","2014","90","","%"
"48","Bahrain","2013","87","","%"
"48","Bahrain","2012","87","","%"
"48","Bahrain","2011","88","","%"
"48","Bahrain","2010","81","","%"
"48","Bahrain","2009","77","","%"
"48","Bahrain","2008","65","","%"
"48","Bahrain","2007","66","","%"
"48","Bahrain","2006","67","","%"
"48","Bahrain","2005","70","","%"
"48","Bahrain","2004","71","","%"
"48","Bahrain","2003","79","","%"
"48","Bahrain","2002","77","","%"
"48","Bahrain","2001","75","","%"
"48","Bahrain","2000","74","","%"
"48","Bahrain","1999","71","","%"
"48","Bahrain","1998","69","","%"
"48","Bahrain","1997","66","","%"
"48","Bahrain","1996","65","","%"
"48","Bahrain","1995","64","","%"
"48","Bahrain","1990","58","","%"
"50","Bangladesh","2015","2.9300000667572","3","%"
"56","Belgium","2013","95.5500030517578","","%"
"56","Belgium","2012","94.3499984741211","","%"
"56","Belgium","2011","97.1100006103516","","%"
"56","Belgium","2010","95.9199981689453","","%"
"56","Belgium","2009","96.6999969482422","","%"
"56","Belgium","2008","95.5999984741211","","%"
"56","Belgium","2007","97.1999969482422","","%"
"56","Belgium","2006","88","","%"
"56","Belgium","2005","74","","%"
"56","Belgium","2004","72.9000015258789","","%"
"56","Belgium","2003","71.6999969482422","","%"
"56","Belgium","2002","68.9000015258789","","%"
"56","Belgium","2001","68.5999984741211","","%"
"56","Belgium","2000","65","","%"
"56","Belgium","1999","56","","%"
"56","Belgium","1998","55","","%"
"56","Belgium","1997","53","","%"
"56","Belgium","1996","49","","%"
"56","Belgium","1995","39.7999992370605","","%"
"84","Belize","2010","10.5649995803833","","%"
"84","Belize","2000","15.1000003814697","","%"
"70","Bosnia and Herzegovina","2015","3.57999992370605","4","%"
"70","Bosnia and Herzegovina","2014","3.57999992370605","4","%"
"70","Bosnia and Herzegovina","2013","3.57999992370605","4","%"
"70","Bosnia and Herzegovina","2012","3.5699999332428","4","%"
"70","Bosnia and Herzegovina","2011","3.1800000667572","4","%"
"70","Bosnia and Herzegovina","2010","3.03999996185303","4","%"
"70","Bosnia and Herzegovina","2009","2.77999997138977","4","%"
"70","Bosnia and Herzegovina","2008","2.78999996185303","4","%"
"70","Bosnia and Herzegovina","2007","2.16000008583069","4","%"
"70","Bosnia and Herzegovina","2006","2.16000008583069","4","%"
"70","Bosnia and Herzegovina","2005","2.16000008583069","4","%"
"70","Bosnia and Herzegovina","2004","2.16000008583069","4","%"
"70","Bosnia and Herzegovina","2003","2.16000008583069","4","%"
"70","Bosnia and Herzegovina","2002","2.01999998092651","4","%"
"70","Bosnia and Herzegovina","2001","2.01999998092651","4","%"
"70","Bosnia and Herzegovina","2000","2.01999998092651","4","%"
"92","British Virgin Islands","2001","24.5","","%"
"92","British Virgin Islands","1991","17.1000003814697","","%"
"96","Brunei Darussalam","2011","40","","%"
"96","Brunei Darussalam","2004","38","","%"
"100","Bulgaria","2015","86.8000030517578","","%"
"100","Bulgaria","2014","81.879997253418","","%"
"100","Bulgaria","2013","81.7399978637695","","%"
"100","Bulgaria","2012","81.7399978637695","","%"
"100","Bulgaria","2011","81.7099990844727","","%"
"100","Bulgaria","2010","77.129997253418","","%"
"100","Bulgaria","2009","74.9000015258789","","%"
"100","Bulgaria","2008","74","","%"
"100","Bulgaria","2007","72.5999984741211","","%"
"100","Bulgaria","2006","72","","%"
"100","Bulgaria","2005","71.8000030517578","","%"
"100","Bulgaria","2004","71.8000030517578","","%"
"100","Bulgaria","2003","71.5","","%"
"100","Bulgaria","2002","70.5","","%"
"100","Bulgaria","2001","70.5","","%"
"100","Bulgaria","2000","70.1999969482422","","%"
"100","Bulgaria","1995","69.5999984741211","","%"
"108","Burundi","2015","4.5","5,6","%"
"108","Burundi","2014","4.5","5,6","%"
"108","Burundi","2013","4.5","5,6","%"
"108","Burundi","2012","4","5,6","%"
"108","Burundi","2011","4","5,6","%"
"132","Cabo Verde","2015","20.8999996185303","7","%"
"132","Cabo Verde","2014","19.7999992370605","7","%"
"132","Cabo Verde","2013","20.7000007629395","7","%"
"132","Cabo Verde","2012","19.5","7","%"
"132","Cabo Verde","2010","17.2999992370605","7","%"
"124","Canada","2009","84.3099975585938","8","%"
"124","Canada","2006","86.4000015258789","","%"
"124","Canada","2004","87.2200012207031","","%"
"124","Canada","1999","71.6999969482422","9","%"
"124","Canada","1996","69.8000030517578","9","%"
"124","Canada","1994","67.5","9","%"
"124","Canada","1991","62.4000015258789","9","%"
"152","Chile","2015","99.8499984741211","","%"
"152","Chile","2014","99.9300003051758","","%"
"152","Chile","2013","99.9300003051758","","%"
"152","Chile","2012","100","","%"
"152","Chile","2011","90.5878982543945","9","%"
"152","Chile","2010","86.9302978515625","9","%"
"152","Chile","2009","83.3000030517578","9","%"
"152","Chile","2008","82.5999984741211","9","%"
"152","Chile","2007","82.3000030517578","9","%"
"152","Chile","2006","82","9","%"
"152","Chile","2005","73.3000030517578","9","%"
"152","Chile","2004","71.5999984741211","9","%"
"152","Chile","2003","65.6999969482422","","%"
"152","Chile","2002","42.2000007629395","","%"
"152","Chile","2001","39.4000015258789","","%"
"152","Chile","2000","20.8999996185303","","%"
"156","China","2004","32.5499992370605","","%"
"156","China","2003","27.4799995422363","","%"
"156","China","2002","24.2800006866455","","%"
"156","China","2001","20.8099994659424","","%"
"344","China, Hong Kong Special Administrative Region","2015","93.5","","%"
"344","China, Hong Kong Special Administrative Region","2014","93.0999984741211","","%"
"344","China, Hong Kong Special Administrative Region","2013","93.4000015258789","","%"
"344","China, Hong Kong Special Administrative Region","2012","93.3000030517578","","%"
"344","China, Hong Kong Special Administrative Region","2011","93.6999969482422","","%"
"344","China, Hong Kong Special Administrative Region","2010","93.5999984741211","","%"
"344","China, Hong Kong Special Administrative Region","2009","93.2300033569336","","%"
"344","China, Hong Kong Special Administrative Region","2008","93.2600021362305","","%"
"344","China, Hong Kong Special Administrative Region","2007","93.2200012207031","","%"
"344","China, Hong Kong Special Administrative Region","2006","93.1699981689453","","%"
"344","China, Hong Kong Special Administrative Region","2005","92.9300003051758","","%"
"344","China, Hong Kong Special Administrative Region","2004","92.3300018310547","","%"
"344","China, Hong Kong Special Administrative Region","2003","94.6100006103516","","%"
"344","China, Hong Kong Special Administrative Region","2002","94.1999969482422","","%"
"344","China, Hong Kong Special Administrative Region","2001","94.8300018310547","","%"
"344","China, Hong Kong Special Administrative Region","2000","92.7200012207031","","%"
"344","China, Hong Kong Special Administrative Region","1999","91.2600021362305","","%"
"170","Colombia","2014","91.3000030517578","","%"
"170","Colombia","2013","91.1999969482422","","%"
"170","Colombia","2012","91.1999969482422","","%"
"170","Colombia","2010","89.8000030517578","","%"
"170","Colombia","2009","89.6999969482422","","%"
"170","Colombia","2008","91.5","","%"
"170","Colombia","2007","90.8000030517578","","%"
"170","Colombia","2005","72.7099990844727","","%"
"170","Colombia","2004","71.3399963378906","","%"
"170","Colombia","2003","69.9700012207031","","%"
"188","Costa Rica","2015","11.6899995803833","10","%"
"188","Costa Rica","2014","8.26000022888184","10","%"
"188","Costa Rica","2013","8.26000022888184","10","%"
"188","Costa Rica","2012","8.26000022888184","10","%"
"188","Costa Rica","2011","8.26000022888184","10","%"
"188","Costa Rica","2010","8.26000022888184","10","%"
"188","Costa Rica","2009","8.26000022888184","10","%"
"188","Costa Rica","2008","8.26000022888184","10","%"
"191","Croatia","2015","98.3000030517578","","%"
"191","Croatia","2014","98.3000030517578","","%"
"191","Croatia","2013","98.3000030517578","","%"
"191","Croatia","2012","98.3000030517578","","%"
"191","Croatia","2011","98.3000030517578","","%"
"191","Croatia","2007","22","","%"
"191","Croatia","2006","8.89999961853027","","%"
"191","Croatia","2005","8.60000038146973","","%"
"192","Cuba","2015","24","","%"
"192","Cuba","2014","24","","%"
"192","Cuba","2013","24","","%"
"192","Cuba","2012","24","","%"
"192","Cuba","2011","24","","%"
"192","Cuba","2010","24","","%"
"192","Cuba","2009","24","","%"
"192","Cuba","2008","24","","%"
"192","Cuba","2007","24","","%"
"192","Cuba","2006","24","","%"
"192","Cuba","2005","24","","%"
"192","Cuba","2004","24","","%"
"196","Cyprus","2005","100","","%"
"196","Cyprus","2004","100","","%"
"196","Cyprus","2003","100","","%"
"196","Cyprus","2002","100","","%"
"196","Cyprus","2001","100","","%"
"196","Cyprus","2000","100","","%"
"196","Cyprus","1999","100","","%"
"196","Cyprus","1998","100","","%"
"196","Cyprus","1997","100","","%"
"196","Cyprus","1996","100","","%"
"196","Cyprus","1995","100","","%"
"196","Cyprus","1994","100","","%"
"196","Cyprus","1993","100","","%"
"196","Cyprus","1992","100","","%"
"203","Czechia","2015","81","","%"
"203","Czechia","2014","80.8000030517578","","%"
"203","Czechia","2013","80","9","%"
"203","Czechia","2012","78.0999984741211","9","%"
"203","Czechia","2011","80.5999984741211","","%"
"203","Czechia","2010","79.4000015258789","","%"
"203","Czechia","2009","78.3000030517578","","%"
"203","Czechia","2008","78","","%"
"203","Czechia","2007","75.5","","%"
"203","Czechia","2006","74.4000015258789","","%"
"203","Czechia","2005","75.4000015258789","","%"
"203","Czechia","2004","73.5","9","%"
"203","Czechia","2003","73.0999984741211","9","%"
"203","Czechia","2002","72.1999969482422","9","%"
"203","Czechia","2001","67.5","9","%"
"203","Czechia","2000","66.4000015258789","9","%"
"208","Denmark","2014","100","9","%"
"208","Denmark","2013","100","","%"
"208","Denmark","2012","100","","%"
"208","Denmark","2011","100.099998474121","","%"
"208","Denmark","2010","100.099998474121","","%"
"208","Denmark","2009","100","","%"
"208","Denmark","2000","100","","%"
"212","Dominica","2005","13","","%"
"214","Dominican Republic","2005","12","11","%"
"222","El Salvador","2012","2.82999992370605","","%"
"222","El Salvador","2011","2.83999991416931","","%"
"222","El Salvador","2010","2.82999992370605","","%"
"222","El Salvador","2009","2.84999990463257","","%"
"222","El Salvador","2008","2.86999988555908","","%"
"222","El Salvador","2007","3.07999992370605","","%"
"233","Estonia","2014","87","9","%"
"233","Estonia","2013","87.1999969482422","9","%"
"233","Estonia","2012","86.8000030517578","","%"
"233","Estonia","2011","86.6999969482422","","%"
"233","Estonia","2010","86.5","","%"
"233","Estonia","2009","85","","%"
"233","Estonia","2008","85","","%"
"233","Estonia","2007","84","","%"
"233","Estonia","2006","79","","%"
"233","Estonia","2005","79","","%"
"233","Estonia","2004","74","","%"
"233","Estonia","2003","73","","%"
"233","Estonia","2002","70","9","%"
"233","Estonia","2001","70","9","%"
"233","Estonia","2000","70","9","%"
"246","Finland","2013","100","","%"
"246","Finland","2012","100","","%"
"246","Finland","2011","100","","%"
"246","Finland","2010","100","","%"
"246","Finland","2002","100","9","%"
"246","Finland","2001","100","9","%"
"246","Finland","2000","100","9","%"
"250","France","2014","100.099998474121","","%"
"250","France","2013","100.099998474121","","%"
"250","France","2012","100","","%"
"250","France","2011","100","","%"
"250","France","2010","100","","%"
"250","France","2004","95.8000030517578","9","%"
"250","France","2001","95.5999984741211","9","%"
"254","French Guiana","2012","68","","%"
"254","French Guiana","2004","44","","%"
"254","French Guiana","2001","27.7999992370605","","%"
"254","French Guiana","1998","0","","%"
"258","French Polynesia","2013","8","","%"
"258","French Polynesia","2005","5","","%"
"276","Germany","2013","99.9940032958984","","%"
"276","Germany","2012","99.9869995117188","9","%"
"276","Germany","2011","99.9800033569336","9","%"
"276","Germany","2010","99.9710006713867","","%"
"276","Germany","2007","99.9000015258789","","%"
"276","Germany","2005","97.3000030517578","","%"
"276","Germany","2004","97.9000015258789","","%"
"276","Germany","2001","97.4000015258789","","%"
"276","Germany","1995","88.5999984741211","","%"
"276","Germany","1991","87.0999984741211","","%"
"300","Greece","2014","92.8300018310547","","%"
"300","Greece","2013","92.8300018310547","","%"
"300","Greece","2011","88.0999984741211","","%"
"300","Greece","2010","87.3000030517578","","%"
"300","Greece","2009","87.3000030517578","","%"
"300","Greece","2007","85","","%"
"312","Guadeloupe","2012","73","","%"
"312","Guadeloupe","2004","38.9000015258789","","%"
"312","Guadeloupe","2001","40.0999984741211","","%"
"324","Guinea","2009","11","12","%"
"324","Guinea","2008","11","12","%"
"324","Guinea","2007","10","12","%"
"324","Guinea","2006","10","12","%"
"324","Guinea","2005","10","12","%"
"328","Guyana","2009","0","","%"
"328","Guyana","2008","0","","%"
"328","Guyana","2007","0","","%"
"328","Guyana","2006","0","","%"
"328","Guyana","2005","0","","%"
"328","Guyana","2004","0","","%"
"328","Guyana","2003","0","","%"
"328","Guyana","2002","0","","%"
"328","Guyana","2001","0","","%"
"328","Guyana","2000","0","","%"
"328","Guyana","1995","0","","%"
"328","Guyana","1990","0","","%"
"348","Hungary","2015","76.8130035400391","","%"
"348","Hungary","2014","73.8079986572266","","%"
"348","Hungary","2013","72.7580032348633","","%"
"348","Hungary","2012","72.9400024414063","","%"
"348","Hungary","2011","72.2590026855469","","%"
"348","Hungary","2010","71.7249984741211","","%"
"348","Hungary","2009","68.8000030517578","","%"
"348","Hungary","2008","67.6999969482422","","%"
"348","Hungary","2007","66.5","","%"
"348","Hungary","2006","63.4000015258789","","%"
"348","Hungary","2005","60.5999984741211","","%"
"348","Hungary","2004","72.0999984741211","9","%"
"348","Hungary","2003","70.0999984741211","9","%"
"348","Hungary","2002","66.1999969482422","9","%"
"348","Hungary","2001","66.0999984741211","9","%"
"348","Hungary","2000","63.7000007629395","9","%"
"348","Hungary","1999","45.9000015258789","9","%"
"348","Hungary","1998","43","9","%"
"348","Hungary","1997","41.5","9","%"
"348","Hungary","1996","40.2000007629395","9","%"
"348","Hungary","1995","39.0999984741211","9","%"
"348","Hungary","1994","39.9000015258789","9","%"
"348","Hungary","1993","39.2999992370605","9","%"
"348","Hungary","1992","35.2999992370605","9","%"
"348","Hungary","1990","39.4000015258789","9","%"
"352","Iceland","2010","73","","%"
"352","Iceland","2008","100","","%"
"352","Iceland","2005","96","","%"
"352","Iceland","2004","56","","%"
"352","Iceland","2003","56","","%"
"352","Iceland","2002","56","","%"
"352","Iceland","2001","39","","%"
"352","Iceland","2000","39","","%"
"352","Iceland","1999","22","","%"
"352","Iceland","1998","14","","%"
"352","Iceland","1997","10","","%"
"352","Iceland","1996","10","","%"
"352","Iceland","1995","10","","%"
"352","Iceland","1994","10","","%"
"352","Iceland","1993","6","","%"
"352","Iceland","1992","6","","%"
"352","Iceland","1991","6","","%"
"352","Iceland","1990","6","","%"
"368","Iraq","2015","27.1000003814697","","%"
"368","Iraq","2014","20.3999996185303","13","%"
"368","Iraq","2010","7","","%"
"372","Ireland","2014","97","9","%"
"372","Ireland","2013","97","9","%"
"372","Ireland","2011","96","9","%"
"376","Israel","2015","96.8000030517578","","%"
"376","Israel","2014","96.6999969482422","","%"
"376","Israel","2013","96.5999984741211","","%"
"376","Israel","2012","96.3000030517578","","%"
"376","Israel","2011","96","","%"
"376","Israel","2010","95.5","","%"
"376","Israel","2009","95","","%"
"376","Israel","2008","94.5","","%"
"376","Israel","2007","94.0999984741211","","%"
"376","Israel","2006","93.5","","%"
"376","Israel","2005","92.9000015258789","","%"
"376","Israel","2004","92.0999984741211","","%"
"376","Israel","2003","90.6999969482422","","%"
"376","Israel","2002","89.3000030517578","","%"
"376","Israel","2001","88","","%"
"376","Israel","2000","86.5999984741211","","%"
"376","Israel","1995","79.5","","%"
"376","Israel","1990","76.6999969482422","","%"
"392","Japan","2015","77.8000030517578","","%"
"392","Japan","2014","77.5999984741211","","%"
"392","Japan","2013","77","","%"
"392","Japan","2012","76.3000030517578","","%"
"392","Japan","2011","75.8000030517578","","%"
"392","Japan","2010","75.0999984741211","","%"
"392","Japan","2009","73.6999969482422","","%"
"392","Japan","2008","72.6999969482422","","%"
"392","Japan","2007","71.6999969482422","","%"
"392","Japan","2006","71","","%"
"392","Japan","2005","69.2564010620117","","%"
"392","Japan","2004","68.0697021484375","","%"
"392","Japan","2003","67","","%"
"392","Japan","2002","65","","%"
"392","Japan","2001","64","","%"
"392","Japan","2000","62","","%"
"392","Japan","1995","54","","%"
"392","Japan","1990","44","","%"
"400","Jordan","2015","62.0999984741211","","%"
"400","Jordan","2014","59.7000007629395","","%"
"400","Jordan","2013","59.7000007629395","","%"
"400","Jordan","2012","59.7000007629395","","%"
"400","Jordan","2011","67","","%"
"400","Jordan","2010","65","","%"
"400","Jordan","2009","63","","%"
"400","Jordan","2008","63","","%"
"400","Jordan","2007","62","","%"
"400","Jordan","2006","60","","%"
"400","Jordan","2005","59","","%"
"398","Kazakhstan","2015","57.0999984741211","","%"
"398","Kazakhstan","2014","62.7000007629395","","%"
"398","Kazakhstan","2013","59.5","","%"
"398","Kazakhstan","2012","59.5999984741211","","%"
"398","Kazakhstan","2011","60.2999992370605","","%"
"398","Kazakhstan","2010","51.5999984741211","","%"
"398","Kazakhstan","2009","51.5999984741211","","%"
"398","Kazakhstan","2008","52.2000007629395","","%"
"398","Kazakhstan","2007","45.5999984741211","","%"
"398","Kazakhstan","2006","54","","%"
"404","Kenya","2012","4.90000009536743","","%"
"404","Kenya","2011","4.90000009536743","","%"
"404","Kenya","2010","4.90000009536743","","%"
"404","Kenya","2009","4.90000009536743","","%"
"404","Kenya","2008","4.90000009536743","","%"
"404","Kenya","2007","4.90000009536743","","%"
"404","Kenya","2006","4.90000009536743","","%"
"404","Kenya","2005","4.90000009536743","","%"
"404","Kenya","2004","4.90000009536743","","%"
"404","Kenya","2003","4.90000009536743","","%"
"404","Kenya","2002","4.90000009536743","","%"
"404","Kenya","2001","4.90000009536743","","%"
"404","Kenya","2000","4.90000009536743","","%"
"404","Kenya","1999","4.90000009536743","","%"
"404","Kenya","1998","4.90000009536743","","%"
"404","Kenya","1997","4.90000009536743","","%"
"404","Kenya","1996","4.90000009536743","","%"
"404","Kenya","1995","4.90000009536743","","%"
"404","Kenya","1990","4.90000009536743","","%"
"414","Kuwait","2013","100","","%"
"414","Kuwait","2012","100","","%"
"414","Kuwait","2011","100","","%"
"414","Kuwait","2010","100","","%"
"414","Kuwait","2009","100","","%"
"414","Kuwait","2008","100","","%"
"414","Kuwait","2007","100","","%"
"414","Kuwait","2006","100","","%"
"414","Kuwait","2005","100","","%"
"414","Kuwait","2004","100","","%"
"414","Kuwait","2003","100","","%"
"414","Kuwait","2002","100","","%"
"414","Kuwait","2001","100","","%"
"414","Kuwait","2000","100","","%"
"428","Latvia","2013","100","","%"
"428","Latvia","2012","100","","%"
"428","Latvia","2011","100","","%"
"428","Latvia","2010","100","","%"
"428","Latvia","2009","100","","%"
"428","Latvia","2008","100","","%"
"428","Latvia","2007","100","","%"
"428","Latvia","2006","66.9000015258789","","%"
"428","Latvia","2005","67.5999984741211","","%"
"428","Latvia","2004","68.0999984741211","","%"
"428","Latvia","2003","72.4000015258789","","%"
"428","Latvia","2002","67.4000015258789","","%"
"438","Liechtenstein","2015","98.6999969482422","","%"
"440","Lithuania","2015","76.6579971313477","","%"
"440","Lithuania","2014","75.4140014648438","","%"
"440","Lithuania","2013","74.1829986572266","","%"
"440","Lithuania","2012","74.0719985961914","","%"
"442","Luxembourg","2015","98.5","","%"
"442","Luxembourg","2014","99","","%"
"442","Luxembourg","2013","100","","%"
"442","Luxembourg","2012","100","","%"
"442","Luxembourg","2011","100","","%"
"442","Luxembourg","2010","98.6999969482422","","%"
"442","Luxembourg","2003","100","9","%"
"442","Luxembourg","1999","100","","%"
"442","Luxembourg","1995","100","","%"
"442","Luxembourg","1994","100","","%"
"450","Madagascar","2005","0","14","%"
"450","Madagascar","2004","0","14","%"
"450","Madagascar","2003","0","14","%"
"450","Madagascar","2002","0","14","%"
"450","Madagascar","2001","0","14","%"
"450","Madagascar","2000","0","14","%"
"450","Madagascar","1999","0","14","%"
"450","Madagascar","1995","0","14","%"
"450","Madagascar","1990","0","14","%"
"458","Malaysia","2015","77.7344818115234","15","%"
"458","Malaysia","2014","76.6273803710938","15","%"
"458","Malaysia","2013","75.1092987060547","15","%"
"458","Malaysia","2012","73.6999969482422","15","%"
"458","Malaysia","2011","72.5","15","%"
"458","Malaysia","2010","73.6999969482422","15","%"
"458","Malaysia","2009","73.0999984741211","15","%"
"458","Malaysia","2008","69.3000030517578","15","%"
"458","Malaysia","2007","66.1999969482422","15","%"
"462","Maldives","2012","50","","%"
"462","Maldives","2011","50","","%"
"462","Maldives","2010","47","","%"
"462","Maldives","2009","41","","%"
"462","Maldives","2008","38","","%"
"462","Maldives","2007","35","","%"
"462","Maldives","2006","35","","%"
"462","Maldives","2005","35","","%"
"462","Maldives","2004","35","","%"
"462","Maldives","2003","35","","%"
"462","Maldives","2002","35","","%"
"462","Maldives","2001","35","","%"
"466","Mali","2015","23.2000007629395","","%"
"466","Mali","2013","23.1000003814697","","%"
"466","Mali","2009","14","","%"
"470","Malta","2015","100","","%"
"470","Malta","2014","100","","%"
"470","Malta","2013","100","","%"
"470","Malta","2012","100","","%"
"470","Malta","2011","100","","%"
"470","Malta","2010","20.7299995422363","","%"
"470","Malta","2009","23.3999996185303","","%"
"470","Malta","2008","16.5","","%"
"470","Malta","2007","10.1000003814697","","%"
"470","Malta","2006","11","","%"
"470","Malta","2005","15","","%"
"470","Malta","2004","15.1000003814697","","%"
"470","Malta","2003","18","","%"
"470","Malta","2002","17.7000007629395","","%"
"470","Malta","2001","15.8999996185303","","%"
"470","Malta","2000","15.8000001907349","","%"
"470","Malta","1999","13","","%"
"470","Malta","1998","13","","%"
"470","Malta","1997","13","","%"
"470","Malta","1996","13","","%"
"470","Malta","1995","13","","%"
"584","Marshall Islands","2007","0","","%"
"584","Marshall Islands","2006","0","","%"
"584","Marshall Islands","2005","0","","%"
"584","Marshall Islands","2004","0","","%"
"584","Marshall Islands","2003","0","","%"
"584","Marshall Islands","2002","0","","%"
"584","Marshall Islands","2001","0","","%"
"584","Marshall Islands","2000","0","","%"
"584","Marshall Islands","1999","0","","%"
"584","Marshall Islands","1998","0","","%"
"584","Marshall Islands","1997","0","","%"
"584","Marshall Islands","1996","0","","%"
"584","Marshall Islands","1995","0","","%"
"584","Marshall Islands","1990","0","","%"
"474","Martinique","2012","90","","%"
"474","Martinique","2004","48.2000007629395","","%"
"474","Martinique","2001","44.3199996948242","","%"
"480","Mauritius","2015","25","","%"
"480","Mauritius","2014","24","","%"
"480","Mauritius","2013","23","","%"
"480","Mauritius","2012","22.2399997711182","16","%"
"480","Mauritius","2011","20.9799995422363","16","%"
"480","Mauritius","2010","20.1000003814697","16","%"
"480","Mauritius","2009","19.4599990844727","16","%"
"480","Mauritius","2008","19.3999996185303","17","%"
"480","Mauritius","2007","19.0499992370605","17","%"
"480","Mauritius","2000","20","","%"
"480","Mauritius","1999","15","","%"
"480","Mauritius","1998","10","","%"
"480","Mauritius","1997","10","","%"
"480","Mauritius","1996","10","","%"
"480","Mauritius","1995","10","","%"
"480","Mauritius","1990","10","","%"
"484","Mexico","2013","50.1914291381836","","%"
"484","Mexico","2012","47.4599990844727","","%"
"484","Mexico","2011","46.5","","%"
"484","Mexico","2010","44.7697715759277","","%"
"484","Mexico","2009","42.1493148803711","","%"
"484","Mexico","2008","40.2099990844727","","%"
"484","Mexico","2007","38.310001373291","","%"
"484","Mexico","2006","36.0999984741211","","%"
"484","Mexico","2005","35","","%"
"484","Mexico","2004","31.5","","%"
"484","Mexico","2003","29.7000007629395","","%"
"484","Mexico","2002","27.7000007629395","","%"
"484","Mexico","2001","25.2000007629395","","%"
"484","Mexico","2000","22.8999996185303","","%"
"484","Mexico","1993","21.7999992370605","","%"
"492","Monaco","2015","100","","%"
"492","Monaco","2014","100","","%"
"492","Monaco","2013","100","","%"
"492","Monaco","2012","100","","%"
"492","Monaco","2011","100","","%"
"492","Monaco","2010","100","","%"
"492","Monaco","2009","100","","%"
"492","Monaco","2008","100","","%"
"492","Monaco","2007","100","","%"
"492","Monaco","2006","100","","%"
"492","Monaco","2005","100","","%"
"492","Monaco","2004","100","","%"
"492","Monaco","2003","100","","%"
"492","Monaco","2002","100","","%"
"492","Monaco","2001","100","","%"
"492","Monaco","2000","100","","%"
"492","Monaco","1999","100","","%"
"492","Monaco","1998","100","","%"
"492","Monaco","1997","100","","%"
"492","Monaco","1996","100","","%"
"492","Monaco","1995","100","","%"
"492","Monaco","1990","100","","%"
"499","Montenegro","2012","18","","%"
"499","Montenegro","2011","18","","%"
"499","Montenegro","2010","18","","%"
"499","Montenegro","2009","18","","%"
"499","Montenegro","2008","17","","%"
"499","Montenegro","2007","15","","%"
"499","Montenegro","2006","11","","%"
"499","Montenegro","2005","10","","%"
"528","Netherlands","2015","100","","%"
"528","Netherlands","2014","100","","%"
"528","Netherlands","2013","100","","%"
"528","Netherlands","2012","100","","%"
"528","Netherlands","2011","100","","%"
"528","Netherlands","2010","100","","%"
"528","Netherlands","2008","100","","%"
"528","Netherlands","2006","100","","%"
"528","Netherlands","2005","100","","%"
"528","Netherlands","2004","100","","%"
"528","Netherlands","2003","100","","%"
"528","Netherlands","2002","100","","%"
"528","Netherlands","2001","100","","%"
"528","Netherlands","2000","100","","%"
"528","Netherlands","1999","100","","%"
"528","Netherlands","1998","100","","%"
"528","Netherlands","1997","100","","%"
"528","Netherlands","1996","99","","%"
"528","Netherlands","1995","99.4000015258789","","%"
"528","Netherlands","1994","99","","%"
"528","Netherlands","1993","99","","%"
"528","Netherlands","1992","98","","%"
"528","Netherlands","1991","98","","%"
"528","Netherlands","1990","98","","%"
"554","New Zealand","2015","84.0999984741211","","%"
"554","New Zealand","2014","82","","%"
"554","New Zealand","2013","82","","%"
"554","New Zealand","2012","82","","%"
"554","New Zealand","2011","82","","%"
"554","New Zealand","2010","81.8000030517578","","%"
"554","New Zealand","2009","81.6999969482422","","%"
"554","New Zealand","2008","81.6999969482422","","%"
"554","New Zealand","2007","81.5999984741211","","%"
"554","New Zealand","2006","81.5","","%"
"554","New Zealand","2005","81.3000030517578","","%"
"554","New Zealand","2004","81.0999984741211","","%"
"554","New Zealand","2003","80.8000030517578","","%"
"554","New Zealand","2002","80.5","","%"
"554","New Zealand","2001","80.5","","%"
"554","New Zealand","2000","80.8000030517578","","%"
"554","New Zealand","1999","80","","%"
"554","New Zealand","1998","80","","%"
"554","New Zealand","1997","80","","%"
"554","New Zealand","1996","80","","%"
"554","New Zealand","1995","80","","%"
"554","New Zealand","1990","80","","%"
"578","Norway","2015","98.9000015258789","","%"
"578","Norway","2014","97.5","","%"
"578","Norway","2013","97.5999984741211","","%"
"578","Norway","2012","97.6999969482422","","%"
"578","Norway","2011","97.5","","%"
"578","Norway","2010","97.4000015258789","","%"
"578","Norway","2009","96.5","","%"
"578","Norway","2008","95.5","","%"
"578","Norway","2007","95.5999984741211","","%"
"578","Norway","2006","96.1999969482422","","%"
"578","Norway","2005","95.6999969482422","","%"
"578","Norway","2004","93.6999969482422","","%"
"578","Norway","2003","93.5","","%"
"578","Norway","2002","91.8000030517578","","%"
"578","Norway","2001","93.1999969482422","","%"
"578","Norway","2000","94.0999984741211","","%"
"578","Norway","1999","93","","%"
"578","Norway","1998","93","","%"
"578","Norway","1997","90","","%"
"578","Norway","1996","87","","%"
"578","Norway","1995","87","","%"
"578","Norway","1994","86","","%"
"578","Norway","1993","86","","%"
"578","Norway","1990","80","","%"
"591","Panama","2007","55","","%"
"591","Panama","2006","48","","%"
"591","Panama","2005","46","","%"
"591","Panama","2004","36","","%"
"591","Panama","2003","34","","%"
"591","Panama","2002","33","","%"
"591","Panama","2001","31","","%"
"591","Panama","2000","30","","%"
"616","Poland","2015","94.1999969482422","","%"
"616","Poland","2014","93.8000030517578","","%"
"616","Poland","2013","95.1999969482422","","%"
"616","Poland","2012","93.8000030517578","","%"
"616","Poland","2011","90.6999969482422","","%"
"616","Poland","2010","89.8000030517578","9","%"
"616","Poland","2009","88.8000030517578","9","%"
"616","Poland","2008","63.0999984741211","9","%"
"616","Poland","2007","87.9000015258789","9","%"
"616","Poland","2006","87","9","%"
"616","Poland","2005","85.8000030517578","9","%"
"616","Poland","2004","84.5","","%"
"616","Poland","2003","83.6999969482422","","%"
"616","Poland","2002","82.0999984741211","","%"
"616","Poland","2001","55.2999992370605","","%"
"616","Poland","2000","53.5999984741211","","%"
"620","Portugal","2005","79","","%"
"410","Republic of Korea","2014","91.8499984741211","","%"
"410","Republic of Korea","2013","92.1100006103516","","%"
"410","Republic of Korea","2012","91.5999984741211","","%"
"410","Republic of Korea","2011","90.9000015258789","","%"
"410","Republic of Korea","2010","90.0999984741211","","%"
"410","Republic of Korea","2009","89.4000015258789","","%"
"410","Republic of Korea","2008","88.5999984741211","","%"
"410","Republic of Korea","2007","87.0999984741211","","%"
"410","Republic of Korea","2006","85.5","","%"
"410","Republic of Korea","2005","83.5","","%"
"410","Republic of Korea","2004","81.4000015258789","","%"
"410","Republic of Korea","2003","78.8000030517578","","%"
"410","Republic of Korea","2002","75.8000030517578","","%"
"410","Republic of Korea","2001","73.1999969482422","","%"
"410","Republic of Korea","2000","70.5","","%"
"410","Republic of Korea","1999","68.4000015258789","","%"
"410","Republic of Korea","1998","65.9000015258789","","%"
"410","Republic of Korea","1997","60.9000015258789","","%"
"410","Republic of Korea","1996","52.5999984741211","","%"
"410","Republic of Korea","1995","45.2000007629395","","%"
"410","Republic of Korea","1994","42","","%"
"410","Republic of Korea","1993","41.2999992370605","","%"
"410","Republic of Korea","1990","32.9000015258789","","%"
"498","Republic of Moldova","2000","54","","%"
"498","Republic of Moldova","1999","53","","%"
"638","Réunion","2014","48.8676986694336","","%"
"638","Réunion","2004","35.9000015258789","","%"
"638","Réunion","2001","32.2000007629395","","%"
"638","Réunion","1998","0","","%"
"642","Romania","2015","47.7999992370605","","%"
"642","Romania","2014","47","","%"
"642","Romania","2013","46.2000007629395","","%"
"642","Romania","2012","45","","%"
"642","Romania","2011","41.5999984741211","","%"
"642","Romania","2010","34.0999984741211","","%"
"642","Romania","2009","32.0999984741211","","%"
"642","Romania","2008","32","","%"
"642","Romania","2007","31.7999992370605","","%"
"642","Romania","2006","31.2999992370605","","%"
"642","Romania","2005","29.2999992370605","","%"
"642","Romania","2004","27.7999992370605","","%"
"659","Saint Kitts and Nevis","2012","5","","%"
"659","Saint Kitts and Nevis","2011","5","","%"
"659","Saint Kitts and Nevis","2010","5","","%"
"659","Saint Kitts and Nevis","2009","5","","%"
"659","Saint Kitts and Nevis","2008","5","","%"
"659","Saint Kitts and Nevis","2007","5","","%"
"659","Saint Kitts and Nevis","2006","5","","%"
"659","Saint Kitts and Nevis","2005","5","","%"
"659","Saint Kitts and Nevis","2004","5","","%"
"659","Saint Kitts and Nevis","2003","5","","%"
"659","Saint Kitts and Nevis","2002","5","","%"
"659","Saint Kitts and Nevis","2001","5","","%"
"682","Saudi Arabia","2010","47","","%"
"682","Saudi Arabia","2007","44","","%"
"682","Saudi Arabia","2006","41","","%"
"682","Saudi Arabia","2005","38","","%"
"682","Saudi Arabia","2004","37","","%"
"682","Saudi Arabia","2003","35","","%"
"682","Saudi Arabia","2002","33","","%"
"688","Serbia","2015","11.8100004196167","","%"
"688","Serbia","2014","11.25","","%"
"688","Serbia","2013","10.4200000762939","","%"
"688","Serbia","2012","9.89000034332275","","%"
"688","Serbia","2011","9.65999984741211","","%"
"688","Serbia","2010","9.35999965667725","","%"
"688","Serbia","2009","9.21000003814697","","%"
"688","Serbia","2008","7.96000003814697","","%"
"688","Serbia","2007","7.88000011444092","","%"
"688","Serbia","2006","8.51000022888184","","%"
"688","Serbia","2005","7.92000007629395","","%"
"688","Serbia","2004","7.19999980926514","","%"
"688","Serbia","2003","6.80000019073486","","%"
"688","Serbia","2002","6.34999990463257","","%"
"688","Serbia","2001","5.94999980926514","","%"
"688","Serbia","2000","5.57999992370605","","%"
"702","Singapore","2015","100","","%"
"702","Singapore","2014","100","","%"
"702","Singapore","2013","100","","%"
"702","Singapore","2012","100","","%"
"702","Singapore","2011","100","","%"
"702","Singapore","2010","100","","%"
"702","Singapore","2009","100","","%"
"702","Singapore","2008","100","","%"
"702","Singapore","2007","99.9000015258789","","%"
"702","Singapore","2006","99.9000015258789","","%"
"702","Singapore","2005","99.9000015258789","","%"
"702","Singapore","2004","99.9000015258789","","%"
"702","Singapore","2003","99.9000015258789","","%"
"702","Singapore","2002","99","","%"
"702","Singapore","2001","99","","%"
"702","Singapore","2000","99","","%"
"702","Singapore","1999","99","","%"
"702","Singapore","1998","99","","%"
"702","Singapore","1997","99","","%"
"702","Singapore","1996","99","","%"
"702","Singapore","1995","99","","%"
"702","Singapore","1990","97.5","","%"
"705","Slovenia","2015","92.8000030517578","","%"
"705","Slovenia","2014","91.5999984741211","","%"
"705","Slovenia","2013","91.8000030517578","","%"
"705","Slovenia","2012","90.4000015258789","","%"
"705","Slovenia","2011","89.5999984741211","","%"
"705","Slovenia","2010","86.9000015258789","","%"
"705","Slovenia","2009","88.5999984741211","","%"
"705","Slovenia","2008","87.5999984741211","","%"
"705","Slovenia","2007","87.6999969482422","","%"
"705","Slovenia","2006","86.5","","%"
"705","Slovenia","2005","85.0999984741211","","%"
"705","Slovenia","2004","83.5999984741211","","%"
"705","Slovenia","2003","74.8000030517578","","%"
"705","Slovenia","2002","73.1999969482422","","%"
"705","Slovenia","2001","72.3000030517578","","%"
"705","Slovenia","2000","71.4000015258789","","%"
"710","South Africa","2011","57","18","%"
"710","South Africa","2007","57","","%"
"710","South Africa","2006","55","","%"
"710","South Africa","2005","54","","%"
"710","South Africa","2004","52","","%"
"710","South Africa","2003","50","","%"
"710","South Africa","2002","50","","%"
"710","South Africa","2001","48","","%"
"710","South Africa","2000","46","","%"
"710","South Africa","1999","45","","%"
"710","South Africa","1998","43","","%"
"710","South Africa","1997","41","","%"
"710","South Africa","1996","39","","%"
"710","South Africa","1995","39","","%"
"724","Spain","2014","98.4000015258789","","%"
"724","Spain","2012","98.6999969482422","","%"
"724","Spain","2010","98","","%"
"724","Spain","2008","94","","%"
"724","Spain","2006","94","","%"
"752","Sweden","2014","100","","%"
"752","Sweden","2013","100","","%"
"752","Sweden","2012","100","","%"
"752","Sweden","2011","100","","%"
"752","Sweden","2010","100","","%"
"752","Sweden","2009","100","","%"
"752","Sweden","2008","100","","%"
"752","Sweden","2007","100","","%"
"752","Sweden","2006","100","","%"
"752","Sweden","2005","100","","%"
"752","Sweden","2004","100","9","%"
"752","Sweden","2003","100","9","%"
"752","Sweden","2002","99","9","%"
"752","Sweden","2001","99","9","%"
"752","Sweden","2000","99","9","%"
"752","Sweden","1999","99","","%"
"752","Sweden","1995","93","","%"
"752","Sweden","1992","95","","%"
"752","Sweden","1991","94","","%"
"752","Sweden","1990","86","","%"
"756","Switzerland","2013","99.6999969482422","9","%"
"756","Switzerland","2010","99.6999969482422","9","%"
"756","Switzerland","2005","99","9","%"
"756","Switzerland","2002","98.8000030517578","","%"
"756","Switzerland","2001","98.8000030517578","","%"
"756","Switzerland","2000","98.1999969482422","","%"
"807","The former Yugoslav Republic of Macedonia","2008","7","","%"
"807","The former Yugoslav Republic of Macedonia","2007","7","","%"
"807","The former Yugoslav Republic of Macedonia","2006","7","","%"
"807","The former Yugoslav Republic of Macedonia","2005","6.5","","%"
"807","The former Yugoslav Republic of Macedonia","2004","6","","%"
"807","The former Yugoslav Republic of Macedonia","2003","6","","%"
"807","The former Yugoslav Republic of Macedonia","2002","6","","%"
"807","The former Yugoslav Republic of Macedonia","2001","6","","%"
"807","The former Yugoslav Republic of Macedonia","2000","5","","%"
"807","The former Yugoslav Republic of Macedonia","1999","5","","%"
"807","The former Yugoslav Republic of Macedonia","1995","5","","%"
"807","The former Yugoslav Republic of Macedonia","1990","5","","%"
"780","Trinidad and Tobago","2016","25.2000007629395","","%"
"780","Trinidad and Tobago","2007","25.2000007629395","","%"
"780","Trinidad and Tobago","2006","25.2000007629395","","%"
"780","Trinidad and Tobago","2005","20","","%"
"780","Trinidad and Tobago","2004","30","","%"
"780","Trinidad and Tobago","2003","20","","%"
"780","Trinidad and Tobago","2002","20","","%"
"780","Trinidad and Tobago","2001","20","","%"
"788","Tunisia","2010","53.8300018310547","","%"
"788","Tunisia","2009","53.5099983215332","","%"
"788","Tunisia","2008","52.5499992370605","","%"
"788","Tunisia","2007","51.8499984741211","","%"
"788","Tunisia","2006","51.2200012207031","","%"
"788","Tunisia","2005","48.4000015258789","","%"
"788","Tunisia","2004","46.7999992370605","","%"
"788","Tunisia","2003","44.9000015258789","","%"
"788","Tunisia","2002","41.9000015258789","","%"
"788","Tunisia","2001","38.7000007629395","","%"
"788","Tunisia","2000","36.7000007629395","","%"
"788","Tunisia","1999","34.0999984741211","","%"
"788","Tunisia","1995","20","","%"
"788","Tunisia","1990","9.10000038146973","","%"
"792","Turkey","2014","64.0199966430664","","%"
"792","Turkey","2012","58.2999992370605","","%"
"792","Turkey","2010","52.0999984741211","","%"
"792","Turkey","2009","49.5999984741211","","%"
"792","Turkey","2008","46.2000007629395","","%"
"792","Turkey","2007","45.7999992370605","","%"
"792","Turkey","2006","43.2000007629395","","%"
"792","Turkey","2005","42.0999984741211","","%"
"792","Turkey","2004","36","9","%"
"792","Turkey","2003","30","9","%"
"792","Turkey","2002","27","9","%"
"792","Turkey","2001","27","9","%"
"792","Turkey","2000","26","9","%"
"792","Turkey","1999","22.6000003814697","9","%"
"792","Turkey","1998","16.6000003814697","9","%"
"792","Turkey","1997","14.3999996185303","9","%"
"792","Turkey","1996","10.3999996185303","9","%"
"792","Turkey","1995","8.89999961853027","9","%"
"792","Turkey","1994","9.60000038146973","9","%"
"784","United Arab Emirates","2007","78.3000030517578","19","%"
"826","United Kingdom of Great Britain and Northern Ireland","2010","99.5","","%"
"826","United Kingdom of Great Britain and Northern Ireland","2009","97","","%"
"826","United Kingdom of Great Britain and Northern Ireland","2008","97","","%"
"826","United Kingdom of Great Britain and Northern Ireland","2005","100","9","%"
"826","United Kingdom of Great Britain and Northern Ireland","2004","100","9","%"
"826","United Kingdom of Great Britain and Northern Ireland","2003","100","9","%"
"826","United Kingdom of Great Britain and Northern Ireland","2002","100","9","%"
"826","United Kingdom of Great Britain and Northern Ireland","2001","100","9","%"
"826","United Kingdom of Great Britain and Northern Ireland","2000","98","9","%"
"840","United States of America","2012","75.5","","%"
"840","United States of America","2008","73.6999969482422","","%"
"840","United States of America","2004","74.9000015258789","","%"
"840","United States of America","2002","75.4000015258789","","%"
"840","United States of America","2000","75.4000015258789","9","%"
"840","United States of America","1996","71.8000030517578","","%"
"840","United States of America","1992","70","","%"
"862","Venezuela (Bolivarian Republic of)","2009","23.7800006866455","","%"
"862","Venezuela (Bolivarian Republic of)","2008","22.2999992370605","","%"
"862","Venezuela (Bolivarian Republic of)","2007","22","","%"
"862","Venezuela (Bolivarian Republic of)","2006","21.8999996185303","","%"
"862","Venezuela (Bolivarian Republic of)","2005","21.7000007629395","","%"
"862","Venezuela (Bolivarian Republic of)","2004","21.2999992370605","","%"
"862","Venezuela (Bolivarian Republic of)","2003","21.1000003814697","","%"
"862","Venezuela (Bolivarian Republic of)","2002","20.8999996185303","","%"
"862","Venezuela (Bolivarian Republic of)","2001","20.6000003814697","","%"
"862","Venezuela (Bolivarian Republic of)","2000","20.1666660308838","","%"
"887","Yemen","1999","3.29999995231628","","%"

"fnSeqID","Footnote"
"1","Finalization of the connection works for the entire sanitation system South."
"2","Start of a new waste water treatment plant (North East)."
"3","Information provided by Dhaka Water Supply and Sewerage Authority(DWASA);  Only Dhaka City is considered."
"4","Estimations made by Agency for Statistics of Bosnia and Herzegovina."
"5","Refers to the city of Bujumbura only, the other cities do not have wastewater treatment systems."
"6","The illegal connections (1%), which according to the Municipal Technical Services (SETEMU) is the percentage of the population illegally connected  to the collective networks, are added to the collective connections."
"7","Refers to the population whose toilet or latrine is connected to the sewage system. In Cape Verde, sewage systems are connected to sewage treatment plants or collective septic tanks."
"8","Break."
"9","Estimate."
"10","k = 8.26% is used for the population connected to wastewater treatment services and it is assumed that the same percentages correspond to a treatment of either primary or secondary type (see 'Estimación volumenes agua extraidas por acueductos comunales y municipales.doc'). This is because there is no precise data on this. There are several reasons: there is no micro, nor generalized macromeasurement in households or treatment plants. In fact the volumes of residual water are estimated using a coefficient of return of 70%, and from there other data are inferred. In addition, it is common for sanitary sewage to be used also to evacuate storm water which would cause measurements to be unreliable."
"11","It corresponds to the city of Santo Domingo and represents 350,063 inhabitants."
"12","The values relate only to the population of Conakry. There are no statistics for the cities in the interior of the country. However, we can state that almost everyone is served by either septic tanks or latrines in the cities. In rural areas, latrines exist in all large villages (more than 500 inhabitants). In the city of Conakry, despite the weakness of the single system of purification, the entire population is served by septic tanks or by family latrines."
"13","Iraq's Environmental Statistics Report for the Years 2013-2014 Data Source Ministry of Municipalities and Public Works and Municipality of Baghdad (low percentage of people connected to wastewater collection network in 2014 due to the success of sewage projects due to the security situation and the reduction of the state budget with the increase in the population)."
"14","No urban wastewater treatment plant."
"15","Standard used in sewerage industry to measure access to sewerage systems is Population Equivalent (PE)."
"16","Assumption made that population equivalent per household is 3.6."
"17","Assumption made that population equivalent per household is 3.7."
"18","Available data as of 31 March; end of the financial year for the Department of Water Affairs and Sanitation."
"19","The ratio represents the number of housing units according to the Household Income and Expenditures Survey for the year 2007-2008."
